Decem Libri Historiarum;PERSON;latin;Aaron;Aaron
Decem Libri Historiarum;PERSON;latin;Abbacuc;Abbacuc
Decem Libri Historiarum;PERSON;latin;Abel;Abel
Decem Libri Historiarum;PERSON;latin;Abitus;Abiti,Avitus
Decem Libri Historiarum;PERSON;latin;Abiud;Abiud
Decem Libri Historiarum;PERSON;latin;Abraham;Abraham
Decem Libri Historiarum;PERSON;latin;Aprunculus;Aprunculo,Aprunculus,Aprunculi,Abrunculus
Decem Libri Historiarum;PERSON;latin;Absalon;Absalonem,Absolonem
Decem Libri Historiarum;PERSON;latin;Achaz;Achaz
Decem Libri Historiarum;PERSON;latin;Achim;Achim
Decem Libri Historiarum;PERSON;latin;Adam;Adam
Decem Libri Historiarum;PERSON;latin;Adovacrius;Adovacrius,Adovacrio,Odovacrius
Decem Libri Historiarum;PERSON;latin;Adovarius;Adovarius,Adovario
Decem Libri Historiarum;PERSON;latin;Adrianus;Adrianus,Adriano
Decem Libri Historiarum;PERSON;latin;Aegylanis;Aegylanis
Decem Libri Historiarum;PERSON;latin;Aetherius;Aetherius,Aetherium,Aetherio
Decem Libri Historiarum;PERSON;latin;Aetius;Aetium,Aetius,Aeti,Aetii,Aetio
Decem Libri Historiarum;PERSON;latin;Agasastus;Agasastus
Decem Libri Historiarum;PERSON;latin;Agatadis;Agatadis,Agatadi
Decem Libri Historiarum;PERSON;latin;Agericus;Agericum,Agericus,Agerici,Agerico,Agiricus
Decem Libri Historiarum;PERSON;latin;Agila;Agila,Agilane,Agilanem
Decem Libri Historiarum;PERSON;latin;Aginus;Aginum
Decem Libri Historiarum;PERSON;latin;Agyno;Agyno
Decem Libri Historiarum;PERSON;latin;Agnes;Agne,Agni,Agnis,Agnitem,Agnite
Decem Libri Historiarum;PERSON;latin;Agricius;Agricium
Decem Libri Historiarum;PERSON;latin;Agricolae;Agricolae
Decem Libri Historiarum;PERSON;latin;Agroecula;Agroecula,Agroecola,Agroeculae
Decem Libri Historiarum;PERSON;latin;Agroetius;Agroetius
Decem Libri Historiarum;PERSON;latin;Agustus;Agusti,Agustus,Augustum,Augusto,Augusti
Decem Libri Historiarum;PERSON;latin;Alaricus;Alaricum,Alarici,Alarico,Alaricus
Decem Libri Historiarum;PERSON;latin;Albinus;Albinus,Albini,Albinum
Decem Libri Historiarum;PERSON;latin;Alboenus;Alboeno,Alboeni,Alboenus
Decem Libri Historiarum;PERSON;latin;Albofledis;Albofledis
Decem Libri Historiarum;PERSON;latin;Alchima;Alchima
Decem Libri Historiarum;PERSON;latin;Alexander;Alexandri
Decem Libri Historiarum;PERSON;latin;Alithius;Alithium
Decem Libri Historiarum;PERSON;latin;Amalaberga;Amalaberga
Decem Libri Historiarum;PERSON;latin;Amalaricus;Amalarici,Amalaricum,Amalarico,Amalaricus
Decem Libri Historiarum;PERSON;latin;Amalo;Amalo
Decem Libri Historiarum;PERSON;latin;Amandus;Amandus
Decem Libri Historiarum;PERSON;latin;Amantes;Amantes
Decem Libri Historiarum;PERSON;latin;Ambrosius;Ambrosium,Ambrosii,Ambrosio
Decem Libri Historiarum;PERSON;latin;Amelius;Amelio,Amelius
Decem Libri Historiarum;PERSON;latin;Amalonis;Amalonis
Decem Libri Historiarum;PERSON;latin;Aminadab;Aminadab
Decem Libri Historiarum;PERSON;latin;Amo;Amo
Decem Libri Historiarum;PERSON;latin;Amon;Amon
Decem Libri Historiarum;PERSON;latin;Ampsivariis;Ampsivariis
Decem Libri Historiarum;PERSON;latin;Aunacharius;Aunacharius
Decem Libri Historiarum;PERSON;latin;Anastasius;Anastasius,Anastasio
Decem Libri Historiarum;PERSON;latin;Anatholius;Anatholius
Decem Libri Historiarum;PERSON;latin;Andarchius;Andarchi,Andarchius,Andarci
Decem Libri Historiarum;PERSON;latin;Andelaus;Andelao
Decem Libri Historiarum;PERSON;latin;Andreae;Andreae
Decem Libri Historiarum;PERSON;latin;Aniani;Aniani
Decem Libri Historiarum;PERSON;latin;Animodus;Animodi
Decem Libri Historiarum;PERSON;latin;Aninsola;Aninsola
Decem Libri Historiarum;PERSON;latin;Annanias;Annaniae,Annaniam
Decem Libri Historiarum;PERSON;latin;Annianus;Annianus
Decem Libri Historiarum;PERSON;latin;Ansovaldus;Ansovaldus,Ansovaldum,Ansovaldo
Decem Libri Historiarum;PERSON;latin;Antechristus;Antechristus,Antechristum
Decem Libri Historiarum;PERSON;latin;Antestius;Antestius,Antestio
Decem Libri Historiarum;PERSON;latin;Antidius;Antidio
Decem Libri Historiarum;PERSON;latin;Antolianus;Antolianus
Decem Libri Historiarum;PERSON;latin;Antoninus;Antonini
Decem Libri Historiarum;PERSON;latin;Antonius;Antonius,Antonii
Decem Libri Historiarum;PERSON;latin;Apollonaris;Apollonari,Apollinare,Apollonaris,Apollonarem
Decem Libri Historiarum;PERSON;latin;Aptacharius;Aptacharius,Aptacharium
Decem Libri Historiarum;PERSON;latin;Aram;Aram
Decem Libri Historiarum;PERSON;latin;Aravatius;Aravatio,Aravatius
Decem Libri Historiarum;PERSON;latin;Arbogastis;Arbogastis
Decem Libri Historiarum;PERSON;latin;Archadium;Archadium,Archadii,Archadius,Arcadi
Decem Libri Historiarum;PERSON;latin;Aregisilus;Aregisilus,Aregisilum,Aregisili
Decem Libri Historiarum;PERSON;latin;Aregundis;Aregundis,Aregundem
Decem Libri Historiarum;PERSON;latin;Aridius;Aridi,Aridio
Decem Libri Historiarum;PERSON;latin;Armentius;Armentium,Armentius
Decem Libri Historiarum;PERSON;latin;Armentarius;Armentarius
Decem Libri Historiarum;PERSON;latin;Arnegysilus;Arnegysilo
Decem Libri Historiarum;PERSON;latin;Arphaxath;Arphaxath
Decem Libri Historiarum;PERSON;latin;Arrius;Arrium,Arrius,Arrii,Arriana,Arrianae,Arriano,Arriani,Arrianorum
Decem Libri Historiarum;PERSON;latin;Artemius;Artemius,Arthemio,Artemium
Decem Libri Historiarum;PERSON;latin;Asa;Asa
Decem Libri Historiarum;PERSON;latin;Asclipius;Asclipius
Decem Libri Historiarum;PERSON;latin;Ascovindus;Ascovindum
Decem Libri Historiarum;PERSON;latin;Ascyla;Ascylam
Decem Libri Historiarum;PERSON;latin;Aser;Aser
Decem Libri Historiarum;PERSON;latin;Asteriolus;Asteriolus,Asteriolum,Asteriolo
Decem Libri Historiarum;PERSON;latin;Asterius;Asterius
Decem Libri Historiarum;PERSON;latin;Athalocus;Athalocus
Decem Libri Historiarum;PERSON;latin;Athanagildus;Athanagildus,Athanaeldo,Athanaeldi,Athanagilde,Athanachilde
Decem Libri Historiarum;PERSON;latin;Athanaricus;Athanarici,Athanarico,Athanaricus
Decem Libri Historiarum;PERSON;latin;Attalus;Attalus,Attalum,Attali,Attalo
Decem Libri Historiarum;PERSON;latin;Attila;Attila,Attela,Attilanem
Decem Libri Historiarum;PERSON;latin;Audica;Audica
Decem Libri Historiarum;PERSON;latin;Audinus;Audini,Audino
Decem Libri Historiarum;PERSON;latin;Audo;Audonem
Decem Libri Historiarum;PERSON;latin;Audovaldus;Audovaldus
Decem Libri Historiarum;PERSON;latin;Audovera;Audovera,Audoveo
Decem Libri Historiarum;PERSON;latin;Auno;Aunone
Decem Libri Historiarum;PERSON;latin;Aunulfus;Aunulfo
Decem Libri Historiarum;PERSON;latin;Aurilio;Aurilio
Decem Libri Historiarum;PERSON;latin;Ausanius;Ausanius
Decem Libri Historiarum;PERSON;latin;Austadius;Austadius
Decem Libri Historiarum;PERSON;latin;Austerchilde;Austerchilde
Decem Libri Historiarum;PERSON;latin;Austrapius;Austrapius,Austrasiis,Austrapio
Decem Libri Historiarum;PERSON;latin;Austrigilde;Austrigilde,Austregildem,Austrigildis
Decem Libri Historiarum;PERSON;latin;Austrighyselus;Austrighyselus,Austrighyselum,Austrighyselo
Decem Libri Historiarum;PERSON;latin;Austrinus;Austrinus
Decem Libri Historiarum;PERSON;latin;Austrovaldus;Austrovaldo,Austrovaldus
Decem Libri Historiarum;PERSON;latin;Avalocium;Avalocium
Decem Libri Historiarum;PERSON;latin;Avonem;Avonem
Decem Libri Historiarum;PERSON;latin;Axonam;Axonam
Decem Libri Historiarum;PERSON;latin;Azor;Azor
Decem Libri Historiarum;PERSON;latin;Babillas;Babillas,Bobillam
Decem Libri Historiarum;PERSON;latin;Baddo;Baddo,Baddonem,Baddone
Decem Libri Historiarum;PERSON;latin;Badegysilus;Baudegysili,Badegyseli,Badegisilum,Baudegyselus,Badegysilus,Bodigysilo,Badigysili
Decem Libri Historiarum;PERSON;latin;Badericus;Badericus,Baderico
Decem Libri Historiarum;PERSON;latin;Ballomeris;Ballomerem
Decem Libri Historiarum;PERSON;latin;Belial;Belial
Decem Libri Historiarum;PERSON;latin;Basilius;Basilius,Basilii,Basilium
Decem Libri Historiarum;PERSON;latin;Basina;Basinae,Basina,Basinam
Decem Libri Historiarum;PERSON;latin;Baudinus;Baudinus
Decem Libri Historiarum;PERSON;latin;Begorra;Begorra
Decem Libri Historiarum;PERSON;latin;Belphegor;Belphegor
Decem Libri Historiarum;PERSON;latin;Belsuarius;Belsuarius,Belsuarium
Decem Libri Historiarum;PERSON;latin;Beniamin;Beniamin,Beneamen
Decem Libri Historiarum;PERSON;latin;Benigni;Benigni
Decem Libri Historiarum;PERSON;latin;Beorretana;Beorretanae
Decem Libri Historiarum;PERSON;latin;Beppolenus;Beppolenus,Bippolinus,Pappolenus,Beppolenum,Byppolenus,Beppolini,Beppoleno
Decem Libri Historiarum;PERSON;latin;Beregisilus;Beregisilum
Decem Libri Historiarum;PERSON;latin;Bersabee;Bersabee
Decem Libri Historiarum;PERSON;latin;Bertecharius;Bertecharii
Decem Libri Historiarum;PERSON;latin;Berthechramnus;Berthchramnum,Berthchramnus,Berthramnus,Berthechramnus,Bertchramnus,Bertchramnum,Bertechramnus,Berthechramni,Berthchramno,Berthramno,Bertechramno
Decem Libri Historiarum;PERSON;latin;Berthefredis;Berthefledis,Berthefredi,Berthefredus,Bertefredus,Berthefredo,Berthefredum
Decem Libri Historiarum;PERSON;latin;Bertegundis;Bertegundis,Berthegundis
Decem Libri Historiarum;PERSON;latin;Berthacharium;Berthacharium,Berthacharius
Decem Libri Historiarum;PERSON;latin;Berulfus;Berulfus,Berulfo
Decem Libri Historiarum;PERSON;latin;Bladastis;Bladastis,Bladasti
Decem Libri Historiarum;PERSON;latin;Boantus;Boantum,Boanti
Decem Libri Historiarum;PERSON;latin;Booz;Booz
Decem Libri Historiarum;PERSON;latin;Bobo;Bobo,Bobone
Decem Libri Historiarum;PERSON;latin;Bobolenus;Boboleni,Boboleno
Decem Libri Historiarum;PERSON;latin;Bodicus;Bodicus
Decem Libri Historiarum;PERSON;latin;Bodigysilus;Bodigysilus,Bodygisilus
Decem Libri Historiarum;PERSON;latin;Boso;Boso,Bosonem,Bosone,Bosonis
Decem Libri Historiarum;PERSON;latin;Brachione;Brachione,Brachio?
Decem Libri Historiarum;PERSON;latin;Brictius;Brictium,Brictii,Brictio,Brictius
Decem Libri Historiarum;PERSON;latin;Britianus;Britiani
Decem Libri Historiarum;PERSON;latin;Brunichilde;Brunichilde,Brunechilde,Brunichildem,Brunechildis,Brunichildes,Brunichildis,Brunechildem
Decem Libri Historiarum;PERSON;latin;Buccelenus;Buccelenum,Buccelenus
Decem Libri Historiarum;PERSON;latin;Bucciovaldus;Bucciovaldo,Bucciovaldus
Decem Libri Historiarum;PERSON;latin;Buccus;Buccus
Decem Libri Historiarum;PERSON;latin;Burgolenus;Burgolenus,Burgolini,Burgulini
Decem Libri Historiarum;PERSON;latin;Burgundio;Burgundio
Decem Libri Historiarum;PERSON;latin;Bysinus;Bysinum
Decem Libri Historiarum;PERSON;latin;Catulus;Catulus
Decem Libri Historiarum;PERSON;latin;Caecros;Caecros,Cencris
Decem Libri Historiarum;PERSON;latin;Caesar;Caesar,Caesaris,Caesario
Decem Libri Historiarum;PERSON;latin;Caesaria;Caesariam,Casariae,Casaria,Caesariae,Caesariamquae,Caesariensis,Caesariensis
Decem Libri Historiarum;PERSON;latin;Caesarii;Caesarii
Decem Libri Historiarum;PERSON;latin;Cain;Cain
Decem Libri Historiarum;PERSON;latin;Cainan;Cainan
Decem Libri Historiarum;PERSON;latin;Calomniosus;Calomniosi
Decem Libri Historiarum;PERSON;latin;Caluppa;Caluppa,Caluppane
Decem Libri Historiarum;PERSON;latin;Canao;Canaonem
Decem Libri Historiarum;PERSON;latin;Canthia;Ganthia,Canthia
Decem Libri Historiarum;PERSON;latin;Caprasius;Caprasi
Decem Libri Historiarum;PERSON;latin;Carietto;Carietto
Decem Libri Historiarum;PERSON;latin;Carpilio;Carpilionis
Decem Libri Historiarum;PERSON;latin;Cartherio;Cartherio
Decem Libri Historiarum;PERSON;latin;Cassiani;Cassiani
Decem Libri Historiarum;PERSON;latin;Cassius;Cassius,Cassii,Cassium
Decem Libri Historiarum;PERSON;latin;Castinus;Castinus
Decem Libri Historiarum;PERSON;latin;Cautinus;Cautino,Cautinus,Cautini,Cautinum
Decem Libri Historiarum;PERSON;latin;Catianus;Catianus,Catiani
Decem Libri Historiarum;PERSON;latin;Cato;Cato,Catonem,Catone,Catonis,Catoni
Decem Libri Historiarum;PERSON;latin;Celsus;Celsum,Celsi
Decem Libri Historiarum;PERSON;latin;Ceresium;Ceresium
Decem Libri Historiarum;PERSON;latin;Cham;Cham
Decem Libri Historiarum;PERSON;latin;Chamavi;Chamavi
Decem Libri Historiarum;PERSON;latin;Chanaone;Chanaone,Chanao
Decem Libri Historiarum;PERSON;latin;Chararicus;Chararicus,Chararici,Chararicum
Decem Libri Historiarum;PERSON;latin;Charegyselus;Charegyselus
Decem Libri Historiarum;PERSON;latin;Chariberthus;Chariberthi,Chariberthus,Charibertho,Charibertum,Chariberthum
Decem Libri Historiarum;PERSON;latin;Charimeris;Charimerem
Decem Libri Historiarum;PERSON;latin;Chariulfus;Chariulfo,Chariulfus
Decem Libri Historiarum;PERSON;latin;Charivaldus;Charivaldus
Decem Libri Historiarum;PERSON;latin;Charterius;Charteri
Decem Libri Historiarum;PERSON;latin;Chedinus;Chedinus
Decem Libri Historiarum;PERSON;latin;Childeberthus;Childeberthus,Childeberthi,Childeberti,Childebertum,Childeberto,Childeberthum,Childebertus,Childebertho,Childiberthus
Decem Libri Historiarum;PERSON;latin;Childericus;Chulderici,Childerico,Chulderico,Childericus,Chuldericus,Childericum
Decem Libri Historiarum;PERSON;latin;Chilpericus;Chilperico,Chilpericum,Chilpericus,Chilperici
Decem Libri Historiarum;PERSON;latin;Chlochilaichus;Chlochilaichum
Decem Libri Historiarum;PERSON;latin;Chlodericus;Chlodericus,Chlodericum
Decem Libri Historiarum;PERSON;latin;Chlodomeris;Chlodomere,Chlodomeris,Chlodomerem,Chlodemeris
Decem Libri Historiarum;PERSON;latin;Chlodoberthus;Chlodoberthum,Chlodoberthus
Decem Libri Historiarum;PERSON;latin;Chlodosinda;Chlodosuindam,Chlodosinda,Chlodosuinda
Decem Libri Historiarum;PERSON;latin;Chlodovaldus;Chlodovaldus,Chlodovaldum
Decem Libri Historiarum;PERSON;latin;Chlodovechus;Chlodovechus,Chlodovechi,Chlodovechum,Chlodovecho
Decem Libri Historiarum;PERSON;latin;Chlogio;Chlogio,Chlogionem
Decem Libri Historiarum;PERSON;latin;Chlotchildis;Chlotchildem
Decem Libri Historiarum;PERSON;latin;Chlothacharius;Chlothachario,Chlothacharius,Chlothacharii,Chlothacharium,Chlothachari
Decem Libri Historiarum;PERSON;latin;Chlotharius;Chlotharii,Chlotharius,Chlotchari,Chlotharium,Chlothari,Chlothario,Chlotlhrii
Decem Libri Historiarum;PERSON;latin;Chlothihelda;Chlothiheldae
Decem Libri Historiarum;PERSON;latin;Chlothosinda;Chlothosindam,Chlothosinda,Chlothsindam
Decem Libri Historiarum;PERSON;latin;Chonomoris;Chonomorem
Decem Libri Historiarum;PERSON;latin;Chonoober;Chonoober,Chonoobro
Decem Libri Historiarum;PERSON;latin;Chramnesindus;Chramisindo,Chramisindi,Chramisindus,Chramnesindi,Chramnesindus
Decem Libri Historiarum;PERSON;latin;Chramnus;Chramnum,Chramno,Chramni,Chramnus
Decem Libri Historiarum;PERSON;latin;Christoforus;Cristofori,Cristoforus,Christofori
Decem Libri Historiarum;PERSON;latin;Christus;Christus,Christe,Christum,Christo,Christiani,Christi
Decem Libri Historiarum;PERSON;latin;Chrocus;Chrocus,Chroco
Decem Libri Historiarum;PERSON;latin;Chrodechildis;Chrodechilde,Chrotchilde,Chrodigilde,Chrodigildis,Chrodichildis,Chrodechildis,Chrotchildis,Chrodielde,Chrodieldes,Chrodieldis,Chrodieldae,Chrodieldem
Decem Libri Historiarum;PERSON;latin;Chrodinus;Chrodini,Chrodinus
Decem Libri Historiarum;PERSON;latin;Chundo;Chundo
Decem Libri Historiarum;PERSON;latin;Chunsina;Chunsinam
Decem Libri Historiarum;PERSON;latin;Chuppa;Chuppa,Chuppanem,Chuppani
Decem Libri Historiarum;PERSON;latin;Chus;Chus
Decem Libri Historiarum;PERSON;latin;Ciucilo;Ciucilonem
Decem Libri Historiarum;PERSON;latin;Clara;Claram
Decem Libri Historiarum;PERSON;latin;Claudius;Claudii,Claudius,Claudio,Claudium
Decem Libri Historiarum;PERSON;latin;Claudus;Claudi
Decem Libri Historiarum;PERSON;latin;Clauso;Clauso,Clausis
Decem Libri Historiarum;PERSON;latin;Clemens;Clemens,Clementis
Decem Libri Historiarum;PERSON;latin;Clenni;Clenni
Decem Libri Historiarum;PERSON;latin;Cleuphe;Cleuphe
Decem Libri Historiarum;PERSON;latin;Consolaribus;Consolaribus
Decem Libri Historiarum;PERSON;latin;Constans;Constantis,Constantio,Constans,Constante,Constantium
Decem Libri Historiarum;PERSON;latin;Constantinus;Constantinus,Constantini,Constantinis
Decem Libri Historiarum;PERSON;latin;Cornilius;Cornilius
Decem Libri Historiarum;PERSON;latin;Cotiam;Cotiam,Cothiam
Decem Libri Historiarum;PERSON;latin;Crispus;Crispum
Decem Libri Historiarum;PERSON;latin;Crispinus;Crispini
Decem Libri Historiarum;PERSON;latin;Crispiniani;Crispiniani
Decem Libri Historiarum;PERSON;latin;Crona;Crona
Decem Libri Historiarum;PERSON;latin;Cyces;Cyces
Decem Libri Historiarum;PERSON;latin;Cymulus;Cymulum
Decem Libri Historiarum;PERSON;latin;Cyprianus;Cyprianus
Decem Libri Historiarum;PERSON;latin;Cyrola;Cyrola,Cirola
Decem Libri Historiarum;PERSON;latin;Dacco;Dacco,Dacconis
Decem Libri Historiarum;PERSON;latin;Dagaricus;Dagarici
Decem Libri Historiarum;PERSON;latin;Dagulfus;Dagulfus,Daulfi
Decem Libri Historiarum;PERSON;latin;Dalmatius;Dalmatius,Dalmatii,Dalmatio
Decem Libri Historiarum;PERSON;latin;Damianius;Damiani
Decem Libri Historiarum;PERSON;latin;Dan;Dan
Decem Libri Historiarum;PERSON;latin;Dani;Dani
Decem Libri Historiarum;PERSON;latin;Danihel;Danihel
Decem Libri Historiarum;PERSON;latin;David;David,Davitici
Decem Libri Historiarum;PERSON;latin;Decimius;Decimius
Decem Libri Historiarum;PERSON;latin;Decius;Decii,Decio
Decem Libri Historiarum;PERSON;latin;Dehas;Dehas
Decem Libri Historiarum;PERSON;latin;Deus;Deo,Deitas,Deitate,Deitatem,Deitati,Deitatis,Deorum,Deum
Decem Libri Historiarum;PERSON;latin;Deuteria;Deuteria,Deoteriam,Deoteriae,Deoteria,Deuteriam
Decem Libri Historiarum;PERSON;latin;Deotherius;Deotherius
Decem Libri Historiarum;PERSON;latin;Desideratus;Desideratus
Decem Libri Historiarum;PERSON;latin;Desiderius;Desiderius,Desiderii,Desiderium,Desiderio
Decem Libri Historiarum;PERSON;latin;Diana;Dianae,Dianam
Decem Libri Historiarum;PERSON;latin;Didimia;Didimia
Decem Libri Historiarum;PERSON;latin;Dinamius;Dinamium,Dinamius,Dinamio
Decem Libri Historiarum;PERSON;latin;Dinifius;Dinifi,Dinifio,Dinifius
Decem Libri Historiarum;PERSON;latin;Dioclicianus;Diocliciani,Diocliciano
Decem Libri Historiarum;PERSON;latin;Diogenianus;Diogenianum
Decem Libri Historiarum;PERSON;latin;Dionisius;Diocisis,Dionisius,Dionisi,Dionisii
Decem Libri Historiarum;PERSON;latin;Disciola;Disciola
Decem Libri Historiarum;PERSON;latin;Dodo;Dodonem
Decem Libri Historiarum;PERSON;latin;Domigysilus;Domigysilo,Domighisilo,Domigysilus,Domegiselus
Decem Libri Historiarum;PERSON;latin;Dominus;Dominus,Dominum,Domini,Domino
Decem Libri Historiarum;PERSON;latin;Dominicus;Dominicus,Dominicam
Decem Libri Historiarum;PERSON;latin;Domicianus;Domicianus,Domiciani
Decem Libri Historiarum;PERSON;latin;Domitianus;Domitianus
Decem Libri Historiarum;PERSON;latin;Domnolus;Domnolus,,Domnolo
Decem Libri Historiarum;PERSON;latin;Domnola;Domnola,Domnolae
Decem Libri Historiarum;PERSON;latin;Dracolenus;Dracoleno,Dracolenus,Dracoleni,Dracolenum
Decem Libri Historiarum;PERSON;latin;Droctegyselus;Droctegyselo,Droctigysilus
Decem Libri Historiarum;PERSON;latin;Droctulfus;Droctulfi,Droctulfo,Droctulfus,Droctulfum
Decem Libri Historiarum;PERSON;latin;Eberegiselus;Eberegiselum
Decem Libri Historiarum;PERSON;latin;Ebero;Eberonem
Decem Libri Historiarum;PERSON;latin;Eberulfus;Eberulfo,Eberulfum,Eberulfi,Eberulfus
Decem Libri Historiarum;PERSON;latin;Ebracharius;Ebracharium,Ebracharius,Ebrecharium
Decem Libri Historiarum;PERSON;latin;Ebregysilus;Ebregysilum,Ebregysilus
Decem Libri Historiarum;PERSON;latin;Ecdicius;Ecdicius,Ecdicium
Decem Libri Historiarum;PERSON;latin;Edobeccus;Edobecco
Decem Libri Historiarum;PERSON;latin;Edom;Edom
Decem Libri Historiarum;PERSON;latin;Egidius;Egidium,EgidiuEs,Egidio,Egidi
Decem Libri Historiarum;PERSON;latin;Eiecite;Eiecite
Decem Libri Historiarum;PERSON;latin;Elafius;Elafius,Elafio
Decem Libri Historiarum;PERSON;latin;Eleazar;Eleazar
Decem Libri Historiarum;PERSON;latin;Eliachim;Eliachim
Decem Libri Historiarum;PERSON;latin;Eliuth;Eliuth
Decem Libri Historiarum;PERSON;latin;Emerius;Emerium
Decem Libri Historiarum;PERSON;latin;Emmanuhel;Emmanuhel
Decem Libri Historiarum;PERSON;latin;Enacim;Enacim
Decem Libri Historiarum;PERSON;latin;Ennodius;Ennodi,Ennodius,Ennodium
Decem Libri Historiarum;PERSON;latin;Enoch;Enoch,Senoch
Decem Libri Historiarum;PERSON;latin;Enos;Enos
Decem Libri Historiarum;PERSON;latin;Epagatus;Epagati,Epagatum
Decem Libri Historiarum;PERSON;latin;Eparchius;Eparchio,Eparchius
Decem Libri Historiarum;PERSON;latin;Epyfanius;Epyfanius,Epifanius,Epyfanio,Epifanio
Decem Libri Historiarum;PERSON;latin;Epiphania;Epiphania
Decem Libri Historiarum;PERSON;latin;Epolon;Epolon
Decem Libri Historiarum;PERSON;latin;Eposium;Eposium
Decem Libri Historiarum;PERSON;latin;Eraclius;Eraclio
Decem Libri Historiarum;PERSON;latin;Ermeneghildo;Ermeneghildo
Decem Libri Historiarum;PERSON;latin;Erpo;Erpone,Erponem
Decem Libri Historiarum;PERSON;latin;Esaias;Esaias,Isaiae,Isaiam
Decem Libri Historiarum;PERSON;latin;Esau;Esau,Isac,Isaac,Isau
Decem Libri Historiarum;PERSON;latin;Esdrom;Esdrom
Decem Libri Historiarum;PERSON;latin;Eseras;Eseram
Decem Libri Historiarum;PERSON;latin;Esichyus;Esichyus
Decem Libri Historiarum;PERSON;latin;Euantius;Euantius,Euantium,Euanti
Decem Libri Historiarum;PERSON;latin;Euarix;Euarix
Decem Libri Historiarum;PERSON;latin;Euchirium;Euchirium
Decem Libri Historiarum;PERSON;latin;Eufimiae;Eufimiae
Decem Libri Historiarum;PERSON;latin;Eufrasius;Eufrasius,Eufrasio
Decem Libri Historiarum;PERSON;latin;Eufronius;Eufronio,Eufronii,Eufronius,Eufroni,Eofronio,Eufron,Eofronius
Decem Libri Historiarum;PERSON;latin;Eugenius;Eugenius,Eugenium,Eugenio
Decem Libri Historiarum;PERSON;latin;Eulalius;Eulalium,Eulalio,Eulalii,Eulalius
Decem Libri Historiarum;PERSON;latin;Eunius;Eunio,Eonius,Eunius,Eunium
Decem Libri Historiarum;PERSON;latin;Eunomius;Eonomius,Eunomii,Eunomius,Eunomio
Decem Libri Historiarum;PERSON;latin;Euricus;Eoricus,Euricus,Eurichus,Eutices
Decem Libri Historiarum;PERSON;latin;Europs;Eorops
Decem Libri Historiarum;PERSON;latin;Eusebius;Eusebius,Eusebii,Eusebium
Decem Libri Historiarum;PERSON;latin;Eustasius;Eustasius
Decem Libri Historiarum;PERSON;latin;Eustochius;Eustochi,Eustochius,Eustochio
Decem Libri Historiarum;PERSON;latin;Eutropes;Eutropes
Decem Libri Historiarum;PERSON;latin;Euvarex;Euvarege
Decem Libri Historiarum;PERSON;latin;Euvodius;Euvodi
Decem Libri Historiarum;PERSON;latin;Eva;Evam,Ewa,Eva
Decem Libri Historiarum;PERSON;latin;Evaginatum;Evaginatum
Decem Libri Historiarum;PERSON;latin;Experear;Experear
Decem Libri Historiarum;PERSON;latin;Ezechihel;Ezechihel,Ezechiel,Ezechie
Decem Libri Historiarum;PERSON;latin;Faileuba;Faileuba,Faileubam
Decem Libri Historiarum;PERSON;latin;Falech;Falech
Decem Libri Historiarum;PERSON;latin;Faramodus;Faramodus
Decem Libri Historiarum;PERSON;latin;Faraonis;Faraonis,Faraone
Decem Libri Historiarum;PERSON;latin;Faraulfus;Faraulfus
Decem Libri Historiarum;PERSON;latin;Farro;Farronem,Farroni
Decem Libri Historiarum;PERSON;latin;Fausta;Faustam
Decem Libri Historiarum;PERSON;latin;Faustus;Fausti
Decem Libri Historiarum;PERSON;latin;Faustianus;Faustianus,Faustianum
Decem Libri Historiarum;PERSON;latin;Felix;Filex,Felice,Felicem,Felicis,Filices,Filici
Decem Libri Historiarum;PERSON;latin;Ferreolus;Ferreolus,Ferreoli,Ferreolo
Decem Libri Historiarum;PERSON;latin;Festus;Festus
Decem Libri Historiarum;PERSON;latin;Filius;Filius,Fili,Filia,Filicem,Filii,Filio,Filios,Filium
Decem Libri Historiarum;PERSON;latin;Firminus;Firminus,Firminum,Firmino
Decem Libri Historiarum;PERSON;latin;Fistus;Fistus
Decem Libri Historiarum;PERSON;latin;Flavaris;Flavaris
Decem Libri Historiarum;PERSON;latin;Flavus;Flavus,Flavum,Flevi?
Decem Libri Historiarum;PERSON;latin;Flavianus;Flavianus,Flaviano,Flavianum
Decem Libri Historiarum;PERSON;latin;Florentianus;Florentianum
Decem Libri Historiarum;PERSON;latin;Francia;Francia,Francorum,Franciam
Decem Libri Historiarum;PERSON;latin;Francus;Francus,Franciae,Francos,Francis,Franci,Francum,Frantiae
Decem Libri Historiarum;PERSON;latin;Francilio;Francilio
Decem Libri Historiarum;PERSON;latin;Fredegundeis;Fredegundem,Fredegundae,Fredegunde,Fredegundis
Decem Libri Historiarum;PERSON;latin;Friardus;Friardo,Friardus
Decem Libri Historiarum;PERSON;latin;Frigiretus;Frigiretus,Frigiredi
Decem Libri Historiarum;PERSON;latin;Fronimius;Fronimi,Fronimius
Decem Libri Historiarum;PERSON;latin;Frontonius;Frontonius,Frontonium
Decem Libri Historiarum;PERSON;latin;Gad;Gad
Decem Libri Historiarum;PERSON;latin;Gailenus;Gailenus,Gailenum,Gaileno
Decem Libri Historiarum;PERSON;latin;Gailesuinda;Gailesuinda,Galsuintha,Galsuintham
Decem Libri Historiarum;PERSON;latin;Gaiso;Gaiso
Decem Libri Historiarum;PERSON;latin;Galate;Galate
Decem Libri Historiarum;PERSON;latin;Galienus;Galienus,Gallienus,Galienum
Decem Libri Historiarum;PERSON;latin;Gallomagnus;Gallomagnum,Gallomagnus
Decem Libri Historiarum;PERSON;latin;Garacharius;Garacharius
Decem Libri Historiarum;PERSON;latin;Gararicus;Gararico,Gararicus
Decem Libri Historiarum;PERSON;latin;Garivaldus;Garivaldum
Decem Libri Historiarum;PERSON;latin;Gaudentius;Gaudentius
Decem Libri Historiarum;PERSON;latin;Gazitina;Gazitina
Decem Libri Historiarum;PERSON;latin;Gelesimeris;Gelesimeris
Decem Libri Historiarum;PERSON;latin;Genobaudes;Genobaude
Decem Libri Historiarum;PERSON;latin;Genuveifa;Genuveifa
Decem Libri Historiarum;PERSON;latin;Germanus;Germanus,Germani,Germano
Decem Libri Historiarum;PERSON;latin;Gervasi;Gervasi
Decem Libri Historiarum;PERSON;latin;Goar;Goare
Decem Libri Historiarum;PERSON;latin;Godegisilus;Godegisilus,Godeghisilus,Godigisilus,Godeghisilum,Godegiselum,Godegiselus,Godeghiselus,Godigiselus
Decem Libri Historiarum;PERSON;latin;Godigiselus;Godigiselo,Godigisili,Godigisilo,Godigyselo
Decem Libri Historiarum;PERSON;latin;Godinus;Godinus
Decem Libri Historiarum;PERSON;latin;Godomarus;Godomaro,Godomarum,Godomarus,Godomari
Decem Libri Historiarum;PERSON;latin;Goisuintha;Goisuintha,Goesintha,Gunsuintham
Decem Libri Historiarum;PERSON;latin;Gogo;Gogo,Gogone
Decem Libri Historiarum;PERSON;latin;Goliath;Goliam,Golian
Decem Libri Historiarum;PERSON;latin;Gracina;Gracina
Decem Libri Historiarum;PERSON;latin;Gratianus;Gratianus,Gratiani,Gratianum
Decem Libri Historiarum;PERSON;latin;Gregorius;Gregorius,Gregorii,Gregori,GREGORII
Decem Libri Historiarum;PERSON;latin;Grindio;Grindionem
Decem Libri Historiarum;PERSON;latin;Gripo;Gripo,Gripone,Griponem,Griponis,Griponi
Decem Libri Historiarum;PERSON;latin;Gundegisilus;Gundegisilum,Gundigisilum,Gundigisilus,Gundegysilus,Gundigysilus,Gundegysilum,Gundegyselo
Decem Libri Historiarum;PERSON;latin;Gundericus;Gundericus,Gunderico
Decem Libri Historiarum;PERSON;latin;Gundevechus;Gundevechus
Decem Libri Historiarum;PERSON;latin;Gundobadus;Gundobadus,Gundobadi,Gundobadum,Gundobado
Decem Libri Historiarum;PERSON;latin;Gundovaldus;Gundovaldo,Gundovaldi,Gundovaldum,Gundovaldus
Decem Libri Historiarum;PERSON;latin;Gundulfus;Gundulfus,Gundulfum,Gundulfo
Decem Libri Historiarum;PERSON;latin;Guntharius;Guntharius,Guntharium,Gunthecharius
Decem Libri Historiarum;PERSON;latin;Gunthchramnus;Gunthramnus,Gunthchramnus,Gunthchramnum,Gunthramnum,Guntchramnum,Guntchramnus,Gunthramno,Guntchramni,Gunthchramno,Guntchramno,Gunthramni,Gunthchramni,Cunthchramno
Decem Libri Historiarum;PERSON;latin;Guntheuca;Guntheucam
Decem Libri Historiarum;PERSON;latin;Helarius;Helarius,Helarium,Hylario,Helarii,Helari
Decem Libri Historiarum;PERSON;latin;Helena;Helenae
Decem Libri Historiarum;PERSON;latin;Helia;Heliae,Helia
Decem Libri Historiarum;PERSON;latin;Helius;Helius
Decem Libri Historiarum;PERSON;latin;Heliseum;Helisei,Heliseum
Decem Libri Historiarum;PERSON;latin;Heraclius;Heraclius,Heraclium,Heraclio
Decem Libri Historiarum;PERSON;latin;Hermenefredus;Hermenefrede,Hermenefredum,Hermenefredo,Hermenifredi,Herminefredus,Hermenefredus
Decem Libri Historiarum;PERSON;latin;Herminichildus;Herminichildum,Herminigildus,Herminichildus
Decem Libri Historiarum;PERSON;latin;Herodes;Herodem,Herodis,Herodes,Herodiano
Decem Libri Historiarum;PERSON;latin;Hesdras;Hesdras
Decem Libri Historiarum;PERSON;latin;Hieroboam;Hieroboam
Decem Libri Historiarum;PERSON;latin;Hieronimus;Hieronimi,Hieronimus,Hieronimusquae
Decem Libri Historiarum;PERSON;latin;Hiezechihel;Hiezechihel
Decem Libri Historiarum;PERSON;latin;Hilarius;Hilarius,Hilario,Hilarii,Hilari
Decem Libri Historiarum;PERSON;latin;Hillidius;Hillidio
Decem Libri Historiarum;PERSON;latin;Hirenaeum;Hirenaeum
Decem Libri Historiarum;PERSON;latin;Hireneus;Hireneus,Hirineo
Decem Libri Historiarum;PERSON;latin;Honoricus;Honoricus,Honericus
Decem Libri Historiarum;PERSON;latin;Honorius;Honori,Honorianis
Decem Libri Historiarum;PERSON;latin;Horosius;Horosi,Horosius
Decem Libri Historiarum;PERSON;latin;Hortinsii;Hortinsi
Decem Libri Historiarum;PERSON;latin;Hospicius;Hospicius
Decem Libri Historiarum;PERSON;latin;Hyppolitus;Hyppolitus
Decem Libri Historiarum;PERSON;latin;Iacob;Iacobi,Iacob,Iacobus,Iacobo
Decem Libri Historiarum;PERSON;latin;Iafeth;Iafeth
Decem Libri Historiarum;PERSON;latin;Iareth;Iareth
Decem Libri Historiarum;PERSON;latin;Iechonias;Iechonias
Decem Libri Historiarum;PERSON;latin;Iesse;Iesse
Decem Libri Historiarum;PERSON;latin;Iesus;Iesus,Iesum,Iesu
Decem Libri Historiarum;PERSON;latin;Ignatius;Ignatius
Decem Libri Historiarum;PERSON;latin;Ignarus;Ignarus
Decem Libri Historiarum;PERSON;latin;Illidius;Illidius,Illidi
Decem Libri Historiarum;PERSON;latin;Imnacharius;Imnacharium,Imnacharius
Decem Libri Historiarum;PERSON;latin;Indis;Indis,Inde,Indica
Decem Libri Historiarum;PERSON;latin;Inghitrudis;Ingytrudis,Inghitrudis,Ingitrudis,Ingutrudem
Decem Libri Historiarum;PERSON;latin;Ingoberga;Ingoberga,Ingobergae,Ingobergam
Decem Libri Historiarum;PERSON;latin;Ingomeris;Ingomerem
Decem Libri Historiarum;PERSON;latin;Ingundis;Ingunde,Ingundis,Ingundae,Ingundem
Decem Libri Historiarum;PERSON;latin;Iniuriosus;Iniuriosus,Iniuriosi,Iniurioso
Decem Libri Historiarum;PERSON;latin;Innocentius;Innocentio,Innocentius
Decem Libri Historiarum;PERSON;latin;Ioatha;Ioatha
Decem Libri Historiarum;PERSON;latin;Iob;Iob
Decem Libri Historiarum;PERSON;latin;Iobab;Iobab
Decem Libri Historiarum;PERSON;latin;Iohannis;Iohanne,Iohannis,Iohannem,Iohanni
Decem Libri Historiarum;PERSON;latin;Iohel;Iohel
Decem Libri Historiarum;PERSON;latin;Ionas;Ionas
Decem Libri Historiarum;PERSON;latin;Ioram;Ioram
Decem Libri Historiarum;PERSON;latin;Iordanes;Iordanis,Iordanne
Decem Libri Historiarum;PERSON;latin;Iosaphath;Iosaphath
Decem Libri Historiarum;PERSON;latin;Ioseph;Ioseph
Decem Libri Historiarum;PERSON;latin;Iosias;Iosias
Decem Libri Historiarum;PERSON;latin;Iosue;Iosue
Decem Libri Historiarum;PERSON;latin;Ioviniani;Iovinianorum
Decem Libri Historiarum;PERSON;latin;Iovinus;Iovinus,Iovinum,Iovino,Iovini
Decem Libri Historiarum;PERSON;latin;Ios;Iovis,Iovis
Decem Libri Historiarum;PERSON;latin;Iovius;Iovium
Decem Libri Historiarum;PERSON;latin;Isaac;Isac,Isaac
Decem Libri Historiarum;PERSON;latin;Isachar;Isachar
Decem Libri Historiarum;PERSON;latin;Isychius;Isychius
Decem Libri Historiarum;PERSON;latin;Iuda;Iudas,Iuda,Iudae,Iudeam,Iudei
Decem Libri Historiarum;PERSON;latin;Iudith;Iudith
Decem Libri Historiarum;PERSON;latin;Iuli-Consorannis;Iuli-Consorannis
Decem Libri Historiarum;PERSON;latin;Iulius;Iulius,Iulii,Iulio
Decem Libri Historiarum;PERSON;latin;Iulias;Iulias,Iuliam
Decem Libri Historiarum;PERSON;latin;Iulianus;Iulianus,Iuliano,Iuliani
Decem Libri Historiarum;PERSON;latin;Iustimnianus;Iustimniano
Decem Libri Historiarum;PERSON;latin;Iustinus;Iustinus,Iustini,Iustinum,Iustina
Decem Libri Historiarum;PERSON;latin;Iustinianus;Iustinianum,Iustinianus,Iustiniano,Iustiniani
Decem Libri Historiarum;PERSON;latin;Iustus;Iustum
Decem Libri Historiarum;PERSON;latin;Iuvencus;Iuvencum
Decem Libri Historiarum;PERSON;latin;Kyrie;Kyrie
Decem Libri Historiarum;PERSON;latin;Laban;Laba
Decem Libri Historiarum;PERSON;latin;Lamech;Lamech
Decem Libri Historiarum;PERSON;latin;Lampadius;Lampadius
Decem Libri Historiarum;PERSON;latin;Lantechildis;Lantechildis
Decem Libri Historiarum;PERSON;latin;Lapurdo;Lapurdo
Decem Libri Historiarum;PERSON;latin;Laticina;Laticina
Decem Libri Historiarum;PERSON;latin;Laurentium;Laurenti,Laurentium,Laurentius
Decem Libri Historiarum;PERSON;latin;Lazarus;Lazarus,Lazari,Lazarum
Decem Libri Historiarum;PERSON;latin;Legonus;Legonus,Lyghnus
Decem Libri Historiarum;PERSON;latin;Leo;Leo,Leonem,Leontio,Leontius
Decem Libri Historiarum;PERSON;latin;Leobovera;Leobovera,Leuboveram
Decem Libri Historiarum;PERSON;latin;Leocadius;Leocadium
Decem Libri Historiarum;PERSON;latin;Leonardus;Leonardus
Decem Libri Historiarum;PERSON;latin;Leonastis;Leonastis,Leunaste
Decem Libri Historiarum;PERSON;latin;Leuba;Leuva,Leuba,Leubae
Decem Libri Historiarum;PERSON;latin;Leubastes;Leubaste
Decem Libri Historiarum;PERSON;latin;Leuchadius;Leuchadio
Decem Libri Historiarum;PERSON;latin;Leudastis;Leudastis,Leudaste,Leudastem
Decem Libri Historiarum;PERSON;latin;Leudeghiselus;Leudeghyselus,Leudeghyselum,Leudeghiselus,Leudeghysili,Leudeghisili
Decem Libri Historiarum;PERSON;latin;Leudovaldus;Leudovaldo,Leudovaldus,Leudovaldum,Leodovaldus
Decem Libri Historiarum;PERSON;latin;Leuva;Leuvane,Leuvanis
Decem Libri Historiarum;PERSON;latin;Leuvichildus;Leuvichildus,Leuvichildi,Leuvichildum,Leuvichildo,Leuvichilde,Leuvigilde,Leuvigildus,Leuvigildi,Leuvieldus,Leuvieldo,Leuvieldi
Decem Libri Historiarum;PERSON;latin;Levi;Levi
Decem Libri Historiarum;PERSON;latin;Licerius;Licerius,Licinius
Decem Libri Historiarum;PERSON;latin;Liminius;Liminius
Decem Libri Historiarum;PERSON;latin;Licinius;Licinio,Licinius
Decem Libri Historiarum;PERSON;latin;Litorius;Litorius,Litorii
Decem Libri Historiarum;PERSON;latin;Longinus;Longinus
Decem Libri Historiarum;PERSON;latin;Loth;Loth
Decem Libri Historiarum;PERSON;latin;Lupentius;Lupentius,Lupenti
Decem Libri Historiarum;PERSON;latin;Lupus;Lupus,Lupum,Lupi,Lupo
Decem Libri Historiarum;PERSON;latin;Lytigius;Lytigius
Decem Libri Historiarum;PERSON;latin;Macco;Macco,Maccone,Macconem,Macconi
Decem Libri Historiarum;PERSON;latin;Macliavus;Macliavi,Macliavum,Macliavus
Decem Libri Historiarum;PERSON;latin;Magdalum;Magdalum
Decem Libri Historiarum;PERSON;latin;Magus;Magna,Magnae,Magnam,Magnas,Magni,Magno,Magnum,Magnus
Decem Libri Historiarum;PERSON;latin;Magnacharius;Magnacharii,Magnachari,Magnarii
Decem Libri Historiarum;PERSON;latin;Magnatrudis;Magnatrudis,Marcatrudis
Decem Libri Historiarum;PERSON;latin;Magnericus;Magnericus,Magnerici,Magnerico
Decem Libri Historiarum;PERSON;latin;Magnovaldus;Magnovaldus,Magnovaldi
Decem Libri Historiarum;PERSON;latin;Magnulfus;Magnulfi,Magnulfo,Magnulfum
Decem Libri Historiarum;PERSON;latin;Malalehel;Malalehel
Decem Libri Historiarum;PERSON;latin;Mallulfus;Mallulfus
Decem Libri Historiarum;PERSON;latin;Mamertus;Mamerto
Decem Libri Historiarum;PERSON;latin;Manicheus;Manicheum
Decem Libri Historiarum;PERSON;latin;Mannases;Mannases
Decem Libri Historiarum;PERSON;latin;Maracharius;Maracharius
Decem Libri Historiarum;PERSON;latin;Maratis;Maratis
Decem Libri Historiarum;PERSON;latin;Marcatrudis;Marcatrudem
Decem Libri Historiarum;PERSON;latin;Marcellus;Marcelli,Marcellini
Decem Libri Historiarum;PERSON;latin;Marcialis;Marcialis
Decem Libri Historiarum;PERSON;latin;Marcionitana;Marcionitana
Decem Libri Historiarum;PERSON;latin;Marcomeris;Marcomere,Marcomere
Decem Libri Historiarum;PERSON;latin;Marcoveifa;Marcovefa,Marcoveifa,Marcoveifam
Decem Libri Historiarum;PERSON;latin;Marcus;Marcus,Marcum,Marco,Marcio
Decem Libri Historiarum;PERSON;latin;Maria;Mariam,Mariae,Marie
Decem Libri Historiarum;PERSON;latin;Marileifus;Marileifi,Marileifum,Marileifo
Decem Libri Historiarum;PERSON;latin;Maroveus;Maroveus,Maroveo,Maroveum
Decem Libri Historiarum;PERSON;latin;Martha;Martha
Decem Libri Historiarum;PERSON;latin;Martianus;Martianus,Martinus,Martino,Martine,Martini,Martinum
Decem Libri Historiarum;PERSON;latin;Mathan;Mathan
Decem Libri Historiarum;PERSON;latin;Mattusalam;Mattusalam
Decem Libri Historiarum;PERSON;latin;Mauricius;Mauricius,Mauricium,Mauricio,Mauritio
Decem Libri Historiarum;PERSON;latin;Maurilio;Maurilione,Maurilio
Decem Libri Historiarum;PERSON;latin;Maxentius;Maxenti,Maxentius
Decem Libri Historiarum;PERSON;latin;Maximinus;Maximinus
Decem Libri Historiarum;PERSON;latin;Maximus;Maximus,Maximi,Maximum,Maxime
Decem Libri Historiarum;PERSON;latin;Medardus;Medardi,Medardum,Medardus
Decem Libri Historiarum;PERSON;latin;Melania;Melanea,Melanio,Melania
Decem Libri Historiarum;PERSON;latin;Melantius;Melantium,Melantius,Melantio
Decem Libri Historiarum;PERSON;latin;Mercurius;Mercurius
Decem Libri Historiarum;PERSON;latin;Merita;Meritam
Decem Libri Historiarum;PERSON;latin;Merofledis;Merofledem,Merofledis
Decem Libri Historiarum;PERSON;latin;Merovechus;Merovechum,Merovechus,Merovecho,Merovechi
Decem Libri Historiarum;PERSON;latin;Michahel;Michahel
Decem Libri Historiarum;PERSON;latin;Mirus;Mirus,Miro,Mironem,Mironis
Decem Libri Historiarum;PERSON;latin;Moabitibus;Moabitibus
Decem Libri Historiarum;PERSON;latin;Modestus;Modestus
Decem Libri Historiarum;PERSON;latin;Moyses;Moyse,Moysi,Moysen,Moyses,Moysaicas,Moysaicae
Decem Libri Historiarum;PERSON;latin;Mummolinus;Mummolini
Decem Libri Historiarum;PERSON;latin;Mummolus;Mummolo,Mummolus,Mummoli,Mummolum
Decem Libri Historiarum;PERSON;latin;Mundericus;Mundericus,Munderico,Munderici,Mundericum
Decem Libri Historiarum;PERSON;latin;Naason;Naason
Decem Libri Historiarum;PERSON;latin;Nabuchodonosor;Nabuchodonosor
Decem Libri Historiarum;PERSON;latin;Namatius;Namati,Namatius,Namatium,Namatio
Decem Libri Historiarum;PERSON;latin;Nanthinus;Nanthinus,Nanthino
Decem Libri Historiarum;PERSON;latin;Nanninus;Nanneni,Nanninus,Nannenus,Nanneno
Decem Libri Historiarum;PERSON;latin;Narsis;Narsiti,Narsitem,Narsite,Narsitis,Narsis,Narsitae
Decem Libri Historiarum;PERSON;latin;Nathan;Nathan
Decem Libri Historiarum;PERSON;latin;Nebroth;Nebroth
Decem Libri Historiarum;PERSON;latin;Necetius;Necetius,Nicetius,Nicetio,Nicetii,Niceti,Nicetium
Decem Libri Historiarum;PERSON;latin;Nectarius;Nectarius,Nectarii,Nectarium,Nectari
Decem Libri Historiarum;PERSON;latin;Nepotianus;Nepotianus
Decem Libri Historiarum;PERSON;latin;Neptalem;Neptalem
Decem Libri Historiarum;PERSON;latin;Nero;Nerone,Neronem
Decem Libri Historiarum;PERSON;latin;Nicasius;Nicasium,Nicasio
Decem Libri Historiarum;PERSON;latin;Ninus;Ninus,Nino,Ninum
Decem Libri Historiarum;PERSON;latin;Noe;Noe
Decem Libri Historiarum;PERSON;latin;Nonnichius;Nonnichius,Nonnichium,Nunnichio
Decem Libri Historiarum;PERSON;latin;Novatianus;Novatianus
Decem Libri Historiarum;PERSON;latin;Obeth;Obeth
Decem Libri Historiarum;PERSON;latin;Occila;Occila
Decem Libri Historiarum;PERSON;latin;Octavianus;Octavianus
Decem Libri Historiarum;PERSON;latin;Octavus;Octavus,Octavum,Octave
Decem Libri Historiarum;PERSON;latin;Ollo;Ollone
Decem Libri Historiarum;PERSON;latin;Olofernes;Olofernis
Decem Libri Historiarum;PERSON;latin;Ommatius;Ommatius
Decem Libri Historiarum;PERSON;latin;Oppila;Oppila
Decem Libri Historiarum;PERSON;latin;Orbicus;Orbico
Decem Libri Historiarum;PERSON;latin;Orestes;Orestes
Decem Libri Historiarum;PERSON;latin;Orhosius;Orhosius
Decem Libri Historiarum;PERSON;latin;Oriens;Oriente
Decem Libri Historiarum;PERSON;latin;Otto;Otto
Decem Libri Historiarum;PERSON;latin;Oxion;Oxion
Decem Libri Historiarum;PERSON;latin;Ozia;Ozia
Decem Libri Historiarum;PERSON;latin;Palladius;Palladius,Palladi
Decem Libri Historiarum;PERSON;latin;Pannoniis;Pannoniis
Decem Libri Historiarum;PERSON;latin;Papianilla;Papianilla
Decem Libri Historiarum;PERSON;latin;Pappolenus;Pappolenus
Decem Libri Historiarum;PERSON;latin;Pappolus;Pappolo,Pappolum,Pappole
Decem Libri Historiarum;PERSON;latin;Parius;Parius,Parisios,Pariseus,Parisius
Decem Libri Historiarum;PERSON;latin;Parisiacus;Parisiaci,Parisiacae,Parisiaco,Parisiacus,Parisiaca,Parisiacam,Parisiacis,Parisiorum,Parisiorum
Decem Libri Historiarum;PERSON;latin;Parthenius;Partheni
Decem Libri Historiarum;PERSON;latin;Pascentius;Pascentius
Decem Libri Historiarum;PERSON;latin;Pastor;Pastores
Decem Libri Historiarum;PERSON;latin;Pathir;Pathir,Pathiren
Decem Libri Historiarum;PERSON;latin;Patroclus;Patroclus
Decem Libri Historiarum;PERSON;latin;Paulellus;Paulelli
Decem Libri Historiarum;PERSON;latin;Paulinus;Paulinus
Decem Libri Historiarum;PERSON;latin;Paulus;Paulo
Decem Libri Historiarum;PERSON;latin;Pegasius;Pegasium
Decem Libri Historiarum;PERSON;latin;Pelagiana;Pelagiana,Pelagiam
Decem Libri Historiarum;PERSON;latin;Pelagius;Pelagius
Decem Libri Historiarum;PERSON;latin;Peonius;Peonius,Peonio
Decem Libri Historiarum;PERSON;latin;Perdedemus;Perdedemus
Decem Libri Historiarum;PERSON;latin;Perpetuus;Perpetui,Perpetuus
Decem Libri Historiarum;PERSON;latin;Persi;Persi,Persida,Persas
Decem Libri Historiarum;PERSON;latin;Petreus;Petreum,Petros,Petri,Petrus
Decem Libri Historiarum;PERSON;latin;Pharao;Pharao,Pharaone
Decem Libri Historiarum;PERSON;latin;Phares;Phares*
Decem Libri Historiarum;PERSON;latin;Photinus;Photinus,Photino
Decem Libri Historiarum;PERSON;latin;Pientius;Pientius,Pientio
Decem Libri Historiarum;PERSON;latin;Pilatus;Pilati
Decem Libri Historiarum;PERSON;latin;Placidina;Placidina
Decem Libri Historiarum;PERSON;latin;Policarpus;Policarpi,Policarpus,Policarpo
Decem Libri Historiarum;PERSON;latin;Polioctus;Polioctus
Decem Libri Historiarum;PERSON;latin;Porcarius;Porcarium
Decem Libri Historiarum;PERSON;latin;Prilidan;Prilidan
Decem Libri Historiarum;PERSON;latin;Priscus;Priscus
Decem Libri Historiarum;PERSON;latin;Privatus;Privatus,Privato
Decem Libri Historiarum;PERSON;latin;Proculus;Proculus,Proculum,Procule
Decem Libri Historiarum;PERSON;latin;Profuturus;Profuturus
Decem Libri Historiarum;PERSON;latin;Proina;Proina
Decem Libri Historiarum;PERSON;latin;Promotus;Promotus
Decem Libri Historiarum;PERSON;latin;Protasius;Protasi
Decem Libri Historiarum;PERSON;latin;Pylatus;Pylatus
Decem Libri Historiarum;PERSON;latin;Quintianus;Quintianum,Quintianus
Decem Libri Historiarum;PERSON;latin;Quintinus;Quintino,Quintinus
Decem Libri Historiarum;PERSON;latin;Quiriacus;Quiriacus
Decem Libri Historiarum;PERSON;latin;Quirici;Quirici
Decem Libri Historiarum;PERSON;latin;Quirinus;Quirinus
Decem Libri Historiarum;PERSON;latin;Rachel;Rachel,Raguel
Decem Libri Historiarum;PERSON;latin;Radegundis;Radegundis,Radigundi,Radegundem,Radegundae,Radegunde
Decem Libri Historiarum;PERSON;latin;Ragnacharius;Ragnachari,Ragnechario,Ragnacharius
Decem Libri Historiarum;PERSON;latin;Ragnimodus;Ragnemodo,Ragnimodi,Ragnimodus,Ragnemodus,Ragnimodo
Decem Libri Historiarum;PERSON;latin;Ragnovaldus;Ragnovaldo,Ragnovaldi
Decem Libri Historiarum;PERSON;latin;Raguel;Raguel
Decem Libri Historiarum;PERSON;latin;Ratharius;Ratharium,Ratharius
Decem Libri Historiarum;PERSON;latin;Rauchingus;Rauchingi,Rauchingum,Rauchingo,Rauchingus
Decem Libri Historiarum;PERSON;latin;Rebecca;Rebecca
Decem Libri Historiarum;PERSON;latin;Redemptur;Redemptur
Decem Libri Historiarum;PERSON;latin;Redonensis;Redonensis
Decem Libri Historiarum;PERSON;latin;Rhedonicus;Redonicum,Rhedonicus,Rhedonicis,Redonicam
Decem Libri Historiarum;PERSON;latin;Remedius;Remedium
Decem Libri Historiarum;PERSON;latin;Remus;Remus
Decem Libri Historiarum;PERSON;latin;Remegius;Remegius,Remigius,Remegii
Decem Libri Historiarum;PERSON;latin;Renatus;Renatus,Renati
Decem Libri Historiarum;PERSON;latin;Reovalis;Reovalis
Decem Libri Historiarum;PERSON;latin;Respendial;Respendial
Decem Libri Historiarum;PERSON;latin;Rhodomago;Rhodomago,Rotomago,Rodomago
Decem Libri Historiarum;PERSON;latin;Richaridus;Richaredi,Richaridus,Richaredum,Richaredus,Richaredo,Richaridi
Decem Libri Historiarum;PERSON;latin;Richarius;Richario
Decem Libri Historiarum;PERSON;latin;Richimeris;Richimeris
Decem Libri Historiarum;PERSON;latin;Riculfus;Riculfum,Riculfus,Riculfo
Decem Libri Historiarum;PERSON;latin;Rignomeris;Rignomeris
Decem Libri Historiarum;PERSON;latin;Rigoialinsis;Rigoialinsim,Rodoialensim,Rotoialinsim
Decem Libri Historiarum;PERSON;latin;Rigundis;Rigundem,Rigundae,Rigundis
Decem Libri Historiarum;PERSON;latin;Rigunthis;Rigunthae,Rigunthis,Rigunthe
Decem Libri Historiarum;PERSON;latin;Roboam;Roboam,Roboae
Decem Libri Historiarum;PERSON;latin;Roccolenus;Roccolenus
Decem Libri Historiarum;PERSON;latin;Romacharius;Romacharius
Decem Libri Historiarum;PERSON;latin;Romulfus;Romulfus,Romulfum
Decem Libri Historiarum;PERSON;latin;Rubin;Rubin
Decem Libri Historiarum;PERSON;latin;Rusticus;Rusticus,Rustici
Decem Libri Historiarum;PERSON;latin;Sabaudus;Sabaudus
Decem Libri Historiarum;PERSON;latin;Sabellius;Sabellius
Decem Libri Historiarum;PERSON;latin;Sacerdos;Sacerdos,Sacerdote,Sacerdotes
Decem Libri Historiarum;PERSON;latin;Sadoch;Sadoch,Saruch
Decem Libri Historiarum;PERSON;latin;Saffaracus;Saffaracum
Decem Libri Historiarum;PERSON;latin;Saffarius;Saffarium,Saffario
Decem Libri Historiarum;PERSON;latin;Saffira;Saffirae
Decem Libri Historiarum;PERSON;latin;Sagittarius;Sagittarius,Sagittarium,Sagittario,Sagittarii,Sagittari
Decem Libri Historiarum;PERSON;latin;Saius;Saius
Decem Libri Historiarum;PERSON;latin;Salathiel;Salathiel
Decem Libri Historiarum;PERSON;latin;Sale;Sale
Decem Libri Historiarum;PERSON;latin;Salma;Salma
Decem Libri Historiarum;PERSON;latin;Salomon;Salamonis,Salamonem,Salomonem,Salamones,Salamon,Salomonis,Salamone,Salomon,Salamoneacae
Decem Libri Historiarum;PERSON;latin;Salonius;Salonium,Salonius,Saloni,Salunio
Decem Libri Historiarum;PERSON;latin;Salustius;Salustii,Salustius,Salustium
Decem Libri Historiarum;PERSON;latin;Salvius;Salvius,Salvio,Salvii,Salvae,Saius
Decem Libri Historiarum;PERSON;latin;Samson;Samson,Samsonis
Decem Libri Historiarum;PERSON;latin;Samuhel;Samuhel,Samuelem
Decem Libri Historiarum;PERSON;latin;Saruch;Saruch
Decem Libri Historiarum;PERSON;latin;Satanas;Satanas
Decem Libri Historiarum;PERSON;latin;Saturninus;Saturninus,Saturninum,Saturnini
Decem Libri Historiarum;PERSON;latin;Saturnus;Saturnus
Decem Libri Historiarum;PERSON;latin;Saul;Saul
Decem Libri Historiarum;PERSON;latin;Scaptharius;Scaptharius,Scaptharium
Decem Libri Historiarum;PERSON;latin;Scarioticae;Scarioticas
Decem Libri Historiarum;PERSON;latin;Secundinus;Secundini
Decem Libri Historiarum;PERSON;latin;Sedulius;Sidulium
Decem Libri Historiarum;PERSON;latin;Sem;Sem
Decem Libri Historiarum;PERSON;latin;Semoes;Semoes
Decem Libri Historiarum;PERSON;latin;Sergius;Sergii,Sergi
Decem Libri Historiarum;PERSON;latin;Servius;Servius
Decem Libri Historiarum;PERSON;latin;Seth;Seth
Decem Libri Historiarum;PERSON;latin;Severus;Severus,Severo
Decem Libri Historiarum;PERSON;latin;Siacrius;Siacrius,Syagrius,Sigarius,Siagrius,Siacrium,Syacrius,Syagrium,Siagri,Siagrio
Decem Libri Historiarum;PERSON;latin;Sicharius;Sichario,Sicharius,Sichari,Sicharium
Decem Libri Historiarum;PERSON;latin;Sidonius;Sidonio,Simonis,Sidonium,Sidonii,Sidoni,Simoni,Sidonius
Decem Libri Historiarum;PERSON;latin;Sigamber;Sigamber
Decem Libri Historiarum;PERSON;latin;Siggo;Siggo
Decem Libri Historiarum;PERSON;latin;Sigila;Sigila
Decem Libri Historiarum;PERSON;latin;Sygiberthus;Sygiberthus,Sigiberthus,Sigyberthum,Syghiberthus,Sygibertus,Sygiberthum,Sigibertum,Sigyberthus,Syghiberthi,Sigyberthi,Sygibertho,Sigiberthi,Sigybertho,Syghiberti,Sygiberthi,Sigiberti,Sigibertho
Decem Libri Historiarum;PERSON;latin;Sigimundus;Sigimundo,Sigymundo,Sigimundus,Sigimundum,Sigymundum
Decem Libri Historiarum;PERSON;latin;Sigiricus;Sigiricum
Decem Libri Historiarum;PERSON;latin;Sigivaldus;Sigivaldus,Sigivaldo,Sigivaldum,Sigyvaldus,Sigivaldi
Decem Libri Historiarum;PERSON;latin;Sigulfus;Sigulfus,Sigulfum,Sigulfo
Decem Libri Historiarum;PERSON;latin;Silvester;Silvestrum,Silvestri
Decem Libri Historiarum;PERSON;latin;Silvius;Silvius
Decem Libri Historiarum;PERSON;latin;Simeon;Symeoni,Symon,Simonem,Simion,Simeone,Simon,Semeon
Decem Libri Historiarum;PERSON;latin;Simphorianus;Simphoriani,Symphoriani
Decem Libri Historiarum;PERSON;latin;Simplicius;Simplicium
Decem Libri Historiarum;PERSON;latin;Sirivuldus;Sirivuldi,Sirivuldo,Sirivuldum
Decem Libri Historiarum;PERSON;latin;Sisinnius;Sisinnio,Sisinnius
Decem Libri Historiarum;PERSON;latin;Socratius;Socratium
Decem Libri Historiarum;PERSON;latin;Sollius;Sollius
Decem Libri Historiarum;PERSON;latin;Sophia;Sophia,Sophiam,Sophiae
Decem Libri Historiarum;PERSON;latin;Spiritus;Spiritus,Spiritum,Spiritui,Spiritu
Decem Libri Historiarum;PERSON;latin;Stephanus;Stefanum,Stefani,Stefanus,Stephani
Decem Libri Historiarum;PERSON;latin;Stilico;Stilico
Decem Libri Historiarum;PERSON;latin;Stremoneus;Stremoneus,Stremonius,Stremonium
Decem Libri Historiarum;PERSON;latin;Sulpicius;Sulpicius,Sulpici,Sulpicio,Sulpitius
Decem Libri Historiarum;PERSON;latin;Sunnigysilus;Sunnigysilus,Sunnegisilus,Sunnegysilum
Decem Libri Historiarum;PERSON;latin;Sunniulfus;Sunniulfo,Sunniulfus
Decem Libri Historiarum;PERSON;latin;Sunno;Sunnone,Sunnonem
Decem Libri Historiarum;PERSON;latin;Susanna;Susanna
Decem Libri Historiarum;PERSON;latin;Syagrius;Syagrius,Syagrium
Decem Libri Historiarum;PERSON;latin;Symphoriani;Symphoriani
Decem Libri Historiarum;PERSON;latin;Syrus;Sirus,Syrus
Decem Libri Historiarum;PERSON;latin;Tatto;Tattonis
Decem Libri Historiarum;PERSON;latin;Terentiolus;Terentiolus
Decem Libri Historiarum;PERSON;latin;Tetradia;Tetradiam,Tetradiae,Tetradia
Decem Libri Historiarum;PERSON;latin;Tetradius;Tetradius
Decem Libri Historiarum;PERSON;latin;Tetricus;Tetricus,Tetrico,Tetrici
Decem Libri Historiarum;PERSON;latin;Teutarius;Teutarius,Theutharius,Theutharium
Decem Libri Historiarum;PERSON;latin;Thare;Thare
Decem Libri Historiarum;PERSON;latin;Thau;Thau
Decem Libri Historiarum;PERSON;latin;Thebeus;Thebei
Decem Libri Historiarum;PERSON;latin;Thecla;Thecla
Decem Libri Historiarum;PERSON;latin;Theodadus;Theodadum
Decem Libri Historiarum;PERSON;latin;Theodobaldus;Theodobaldum,Theodovaldus,Theodovaldum,Theodovaldi,Theudovaldo,Theudoaldus
Decem Libri Historiarum;PERSON;latin;Theodoberthus;Theodoberthum,Theudoberthum,Theudoberto,Theudoberthus,Theodoberto,Theodoberthus,Theodeberthum,Theodobertum,Theodoberthi,Theodobertho,Theudobertho,Theudobertus,Theudoberthi,Theudobertum
Decem Libri Historiarum;PERSON;latin;Theodogildis;Theodogildis,Theudogildem
Decem Libri Historiarum;PERSON;latin;Theodoricus;Theodoricus,Theodoricum,Theudorico,Theudoricus,Theudoricum,Theudericum,Theuderici,Theodorici,Theudorici,Theudericus
Decem Libri Historiarum;PERSON;latin;Theodorus;Theudori,Theodor,Theudor,Theudoro,Theodoro,Theodorum,Theodorus
Decem Libri Historiarum;PERSON;latin;Theodosius;Theudosi,Theodosius,Theodosio,Theodosianae,Theodosii,Theodosio
Decem Libri Historiarum;PERSON;latin;Theuda;Theuda
Decem Libri Historiarum;PERSON;latin;Theudegisilus;Theudegisilum
Decem Libri Historiarum;PERSON;latin;Theudomeris;Theudomerem
Decem Libri Historiarum;PERSON;latin;Theudulfus;Theudulfus,Theudulfi,Theodulfum
Decem Libri Historiarum;PERSON;latin;Thorismodus;Thorismodus,Thorismodo
Decem Libri Historiarum;PERSON;latin;Tiberius;Tiberium,Tiberius,Tiberii
Decem Libri Historiarum;PERSON;latin;Traguilanem;Traguilanem
Decem Libri Historiarum;PERSON;latin;Traianus;Traiano,Traianus,Traiani
Decem Libri Historiarum;PERSON;latin;Tranquilla;Tranquilla
Decem Libri Historiarum;PERSON;latin;Transobadus;Transobadus
Decem Libri Historiarum;PERSON;latin;Trasamundus;Trasamundo,Trasamundus
Decem Libri Historiarum;PERSON;latin;Tropas;Tropas
Decem Libri Historiarum;PERSON;latin;Trinitas;Trinitatem,Trinitate
Decem Libri Historiarum;PERSON;latin;Trophimus;Trophimus
Decem Libri Historiarum;PERSON;latin;Trudulfus;Trudulfus
Decem Libri Historiarum;PERSON;latin;Ultrogotho;Ultrogotho,Vulthrogotham
Decem Libri Historiarum;PERSON;latin;Urban;Urban
Decem Libri Historiarum;PERSON;latin;Urbanus;Urbano
Decem Libri Historiarum;PERSON;latin;Urbecus;Urbecus,Urbicus
Decem Libri Historiarum;PERSON;latin;Ursicinus;Ursicinus,Ursicinum
Decem Libri Historiarum;PERSON;latin;Ursio;Ursio,Ursionis,Ursione
Decem Libri Historiarum;PERSON;latin;Ursus;Ursi,Urso,Ursum
Decem Libri Historiarum;PERSON;latin;Vafres;Vafres
Decem Libri Historiarum;PERSON;latin;Valdenus;Valdenus
Decem Libri Historiarum;PERSON;latin;Valens;Valens,Valentis
Decem Libri Historiarum;PERSON;latin;Valentinianus;Valentiniani,Valentiniano,Valentinianum,Valentinianus,Valentiniana,Valentinianum
Decem Libri Historiarum;PERSON;latin;Valerianus;Valerianus
Decem Libri Historiarum;PERSON;latin;Vectius;Vectium,Vecti
Decem Libri Historiarum;PERSON;latin;Venantius;Venanti,Venantius
Decem Libri Historiarum;PERSON;latin;Veneranda;Venerandam
Decem Libri Historiarum;PERSON;latin;Venerandus;Venerandus,Venerandum,Venerandi
Decem Libri Historiarum;PERSON;latin;Vennocus;Winnocus,Vennocus
Decem Libri Historiarum;PERSON;latin;Vespasianus;Vispasiano
Decem Libri Historiarum;PERSON;latin;Victorinus;Victorinus,Victorinum
Decem Libri Historiarum;PERSON;latin;Victor;Victuri,Victore
Decem Libri Historiarum;PERSON;latin;Victur;Victuris
Decem Libri Historiarum;PERSON;latin;Victorius;Victorius,Victorium,Victurius,Victorio
Decem Libri Historiarum;PERSON;latin;Vidastis;Vidastis
Decem Libri Historiarum;PERSON;latin;Vidimaclis;Vidimacle
Decem Libri Historiarum;PERSON;latin;Vigilius;Vigili
Decem Libri Historiarum;PERSON;latin;Vincenti;Vincenti,Vincentio
Decem Libri Historiarum;PERSON;latin;Vindimialis;Vindimialem,Vindimialis,Vindimia
Decem Libri Historiarum;PERSON;latin;Vinthrione;Vinthrione
Decem Libri Historiarum;PERSON;latin;Virgilius;Virgilii,Virgilius
Decem Libri Historiarum;PERSON;latin;Virus;Virus,Virum,Viri,Viro
Decem Libri Historiarum;PERSON;latin;is;Visigardem,Wisigardem
Decem Libri Historiarum;PERSON;latin;Vitalis;Vitalis
Decem Libri Historiarum;PERSON;latin;Volusianus;Volusianus,Volosiani
Decem Libri Historiarum;PERSON;latin;Vuldetrada;Vuldotradam,Vuldetradam
Decem Libri Historiarum;PERSON;latin;Vulfelaicus;Vulfelaici,Vulfilaico
Decem Libri Historiarum;PERSON;latin;Waddo;Waddo,Waddone,Waddonis,Waddonem
Decem Libri Historiarum;PERSON;latin;Waldo;Waldonem
Decem Libri Historiarum;PERSON;latin;Wandalinus;Wandalini,Wandalis,Wandelenus
Decem Libri Historiarum;PERSON;latin;Warmarius;Warmarium
Decem Libri Historiarum;PERSON;latin;Warocus;Waroci,Warocus,Varocum,Warocum,Warochus,Waroco,Warocho,Varochus
Decem Libri Historiarum;PERSON;latin;Werpinus;Werpino,Werpinum
Decem Libri Historiarum;PERSON;latin;Wiliacharius;Willachario,Wiliachario,Wiliacharius,Wiliacharium,Wiliacharii
Decem Libri Historiarum;PERSON;latin;Wiliulfus;Wiliulfum,Wiliulfi
Decem Libri Historiarum;PERSON;latin;Winnocus;Winnoco
Decem Libri Historiarum;PERSON;latin;Wintrius;Wintrio
Decem Libri Historiarum;PERSON;latin;Wistrimundus;Wistrimundi
Decem Libri Historiarum;PERSON;latin;Xystus;Xystus
Decem Libri Historiarum;PERSON;latin;Zaban;Zabanis,Zabanem,Zaban,Zaba
Decem Libri Historiarum;PERSON;latin;Zabulon;Zabulon
Decem Libri Historiarum;PERSON;latin;Zara;Zara
Decem Libri Historiarum;PERSON;latin;Zoroaster;Zoroastren
Decem Libri Historiarum;PERSON;latin;Zorobabil;Zorobabil
Völsunga saga;PERSON;old_norse;Agnarr;Agnarr
Völsunga saga;PERSON;old_norse;Alsviðr;Alsviðr,Álsviðr
Völsunga saga;PERSON;old_norse;Alsvinnr;Alsvinns
Völsunga saga;PERSON;old_norse;Andvari;Andvari
Völsunga saga;PERSON;old_norse;Atli;Atli,Atta,Atla
Völsunga saga;PERSON;old_norse;Auðabróðir;Auðabróðir
Völsunga saga;PERSON;old_norse;Álfr;Álfr,Álfi,Álf,Álfs
Völsunga saga;PERSON;old_norse;Árvakr;Árvakrs
Völsunga saga;PERSON;old_norse;Áslaug;Áslaugu
Völsunga saga;PERSON;old_norse;Bekkhildr;Bekkhildr
Völsunga saga;PERSON;old_norse;Bera;Bera,Beru
Völsunga saga;PERSON;old_norse;Bikki;Bikka,Bikki
Völsunga saga;PERSON;old_norse;Borghildr;Borghildar,Borghildr
Völsunga saga;PERSON;old_norse;Bragi;Braga
Völsunga saga;PERSON;old_norse;Breði;Breði
Völsunga saga;PERSON;old_norse;Brynhildr;Brynhildr,Brynhildar,Brynhildi
Völsunga saga;PERSON;old_norse;Buðli;Buðla,Buðli
Völsunga saga;PERSON;old_norse;Dvalinn;Dvalins
Völsunga saga;PERSON;old_norse;Erpr;Erp,Erpr
Völsunga saga;PERSON;old_norse;Eylimi;Eylimi,Eylima
Völsunga saga;PERSON;old_norse;Eyjólf;Eyjólf
Völsunga saga;PERSON;old_norse;Eymóðr;Eymóðr
Völsunga saga;PERSON;old_norse;Fáfnir;Fáfnir,Fáfni,Fáfnis
Völsunga saga;PERSON;old_norse;Fengr;Feng
Völsunga saga;PERSON;old_norse;Fjölnir;Fjölni,Fjölnir
Völsunga saga;PERSON;old_norse;Fjörnir;Fjörnir
Völsunga saga;PERSON;old_norse;Frekasteinn;Frekasteinn
Völsunga saga;PERSON;old_norse;Frigg;Frigg
Völsunga saga;PERSON;old_norse;Gaulnis;Gaulnis
Völsunga saga;PERSON;old_norse;Gjúki;Gjúki,Gjúka
Völsunga saga;PERSON;old_norse;Glaumvör;Glaumvör
Völsunga saga;PERSON;old_norse;Göróttr;Göróttr
Völsunga saga;PERSON;old_norse;Goti;Gota
Völsunga saga;PERSON;old_norse;Grani;Grani,Grana,Gráni
Völsunga saga;PERSON;old_norse;Granmarr;Granmarr,Granmars
Völsunga saga;PERSON;old_norse;Grímhildr;Grímhildar,Grímhildr,Grímhildi
Völsunga saga;PERSON;old_norse;Grípir;Grípir,Grípis
Völsunga saga;PERSON;old_norse;Gunnarr;Gunnarr,Gunnar,Gunnars,Gunnari
Völsunga saga;PERSON;old_norse;Guttormr;Guttormr,Guttorms,Guttorm,Guttormi
Völsunga saga;PERSON;old_norse;Guðrún;Guðrún,Guðrúnu,Guðrúnar
Völsunga saga;PERSON;old_norse;Haddingja;Haddingja
Völsunga saga;PERSON;old_norse;Hagbarð;Hagbarð
Völsunga saga;PERSON;old_norse;Haka;Haka
Völsunga saga;PERSON;old_norse;Hákon;Hákonar
Völsunga saga;PERSON;old_norse;Hálfr;Hálfs
Völsunga saga;PERSON;old_norse;Hamðir;Hamðir
Völsunga saga;PERSON;old_norse;Hámundr;Hámundr,Hámundar
Völsunga saga;PERSON;old_norse;Hænir;Hænir
Völsunga saga;PERSON;old_norse;Helgi;Helgi
Völsunga saga;PERSON;old_norse;Heimir;Heimir,Heimis,Heiman
Völsunga saga;PERSON;old_norse;Hervarðr;Hervarð
Völsunga saga;PERSON;old_norse;Hjalla;Hjalla
Völsunga saga;PERSON;old_norse;Hjálmgunnarr;Hjálmgunnar,Hjálmgunnarr,(secondary)
Völsunga saga;PERSON;old_norse;Hjálprekr;Hjálpreks,Hjálpreki
Völsunga saga;PERSON;old_norse;Hjördís;Hjördís,Hjördísi,Hjördísar
Völsunga saga;PERSON;old_norse;Hjörvarð;Hjörvarð
Völsunga saga;PERSON;old_norse;Hnikarr;Hnikar
Völsunga saga;PERSON;old_norse;Höðbroddr;Höðbroddr,Höðbrodd,Höðbroddi,Höðbrodds
Völsunga saga;PERSON;old_norse;Hreiðmarr;Hreiðmarr,Hreiðmari,Hreiðmars
Völsunga saga;PERSON;old_norse;Hrímnir;Hrímnir,Hrímnis
Völsunga saga;PERSON;old_norse;Hringr;Hrings
Völsunga saga;PERSON;old_norse;Hroptr;Hroptr
Völsunga saga;PERSON;old_norse;Hundingr;Hundingr,Hundings
Völsunga saga;PERSON;old_norse;Högni;Högni,Högna
Völsunga saga;PERSON;old_norse;Hölkvir;Hölkvi
Völsunga saga;PERSON;old_norse;Huginn;Hugin
Völsunga saga;PERSON;old_norse;Jarisleifr;Jarisleifr
Völsunga saga;PERSON;old_norse;Jónakr;Jónakrs
Völsunga saga;PERSON;old_norse;Jörmunrekr;Jörmunrekr,Jörmunrek,Jörmunreki,Jörmunreks
Völsunga saga;PERSON;old_norse;Kostbera;Kostbera
Völsunga saga;PERSON;old_norse;Langbarðr;Langbarðar
Völsunga saga;PERSON;old_norse;Leifr;Leifr
Völsunga saga;PERSON;old_norse;Loki;Loki,Loka
Völsunga saga;PERSON;old_norse;Lyngvi;Lyngvi,Lyngva
Völsunga saga;PERSON;old_norse;Niflungr;Niflungr
Völsunga saga;PERSON;old_norse;Nokkurr;Nokkurs
Völsunga saga;PERSON;old_norse;Oddrún;Oddrúnu
Völsunga saga;PERSON;old_norse;Óinn;Óinn
Völsunga saga;PERSON;old_norse;Orkningr;brother,of,Bera
Völsunga saga;PERSON;old_norse;Otr;Otr
Völsunga saga;PERSON;old_norse;Óðinn;Óðins,Óðni,Óðinn,Óðin
Völsunga saga;PERSON;old_norse;Rán;Ránar
Völsunga saga;PERSON;old_norse;Randvé;Randvé,Randvér,Randvés
Völsunga saga;PERSON;old_norse;Reginn;Reginn,Regins
Völsunga saga;PERSON;old_norse;Rerir;Rerir,Reris
Völsunga saga;PERSON;old_norse;Rínar;Rínar
Völsunga saga;PERSON;old_norse;Rungnir;Rögnis
Völsunga saga;PERSON;old_norse;Sigarr;Sigarr
Völsunga saga;PERSON;old_norse;Sigi;Sigi,Siga
Völsunga saga;PERSON;old_norse;Siggeirr;Siggeirr,Siggeir,Siggeiri,Siggeirs
Völsunga saga;PERSON;old_norse;Sigmundr;Sigmundr,Sigmund,Sigmundi,Sigmundar
Völsunga saga;PERSON;old_norse;Signý;Signýjar,Signý,Signýju
Völsunga saga;PERSON;old_norse;Sigrún;Sigrúnar,Sigrún
Völsunga saga;PERSON;old_norse;Sigurðr;Sigurð,Sigurði,Sigurðr,Sigurðar,Fáfnisbana
Völsunga saga;PERSON;old_norse;Sinfjötli;Sinfjötli,Sinfjötla
Völsunga saga;PERSON;old_norse;Skaði;Skaði
Völsunga saga;PERSON;old_norse;Sleipnir;Sleipni,Sleipnis
Völsunga saga;PERSON;old_norse;Snævarr;Snævarr
Völsunga saga;PERSON;old_norse;Sólarr;Sólarr
Völsunga saga;PERSON;old_norse;Surtr;Surtr
Völsunga saga;PERSON;old_norse;Svanhildr;Svanhildi,Svanhildr,Svanhildar
Völsunga saga;PERSON;old_norse;Svafrlöð;Svafrlöð
Völsunga saga;PERSON;old_norse;Sveipuðr;Sveipuðr
Völsunga saga;PERSON;old_norse;Sveggjuðr;Sveggjuðr
Völsunga saga;PERSON;old_norse;Sörli;Sörli
Völsunga saga;PERSON;old_norse;Týr;Tý
Völsunga saga;PERSON;old_norse;Valdamarr;Valdamarr
Völsunga saga;PERSON;old_norse;Vanr;Vönum
Völsunga saga;PERSON;old_norse;Vingi;Vingi
Völsunga saga;PERSON;old_norse;Völsungr;Völsungi,Völsungr,Völsungar,Völsung,Völsunga,Völsungs
Völsunga saga;PERSON;old_norse;Þóra;Þóru
Nibelungenlied;PERSON;middle_high_german;Alberich;Albriche,Albrichæ,Albrich,Albrichen,Albriches
Nibelungenlied;PERSON;middle_high_german;Aldrian;Adrianes,Adrian,Adrianen,Adrians
Nibelungenlied;PERSON;middle_high_german;Alzey;Alzeye
Nibelungenlied;PERSON;middle_high_german;Amelrich;Amelrinch,Amelreichen
Nibelungenlied;PERSON;middle_high_german;Amelungen;Amelunge
Nibelungenlied;PERSON;middle_high_german;Astold;Astolt
Nibelungenlied;PERSON;middle_high_german;Balmung;Balmvngen,Balmungen
Nibelungenlied;PERSON;middle_high_german;Bechelaren;Bechlarn,Bechelaren
Nibelungenlied;PERSON;middle_high_german;Blödel;Bloedelin,Bloedelines,Bloedelinen,Bloedeline
Nibelungenlied;PERSON;middle_high_german;Botelung;Botelunges
Nibelungenlied;PERSON;middle_high_german;Brünhild;Prvnh',Prvenhilde,Privnhilde,Prvnhilt,Prvonhilde,Prvnhilde,Prunhilt,Prunhilde
Nibelungenlied;PERSON;middle_high_german;Dankwart;Danckwart
Nibelungenlied;PERSON;middle_high_german;Dietrich;Dietriche,Dietrich,Dietrichen,Dietriches
Nibelungenlied;PERSON;middle_high_german;Eckewart;Eckewart
Nibelungenlied;PERSON;middle_high_german;Else;Else,Elsen
Nibelungenlied;PERSON;middle_high_german;Etzel;Etzelen,Etzeln,Etzel,Ezeln,Ezelen,Ezele,Ezel
Nibelungenlied;PERSON;middle_high_german;Gelfrat;Gelpfrat,Gelpfrade,Gelpfrades,Gelpfrate,Gelpfrates,Gelpfrads
Nibelungenlied;PERSON;middle_high_german;Gerbart;Gerbart
Nibelungenlied;PERSON;middle_high_german;Gere;Gere,Geren
Nibelungenlied;PERSON;middle_high_german;Gernot;Gernot,Gernotes,Gernote,Gernoten
Nibelungenlied;PERSON;middle_high_german;Gibech;Gibeche,Gibechen
Nibelungenlied;PERSON;middle_high_german;Giselher;Giselhere,Giselheres,Giselher,Giselhers,Giselhern
Nibelungenlied;PERSON;middle_high_german;Gotelind;Gotelinde
Nibelungenlied;PERSON;middle_high_german;Gunther;Gunther,Gunthere,Gunthers,Guntheres,Gunthern
Nibelungenlied;PERSON;middle_high_german;Hadeburg;Haderburg
Nibelungenlied;PERSON;middle_high_german;Hagen;Hagen,Hagene,Hagenen
Nibelungenlied;PERSON;middle_high_german;Hawart;Hawart,Hawartes
Nibelungenlied;PERSON;middle_high_german;Helche;Helche,Helchen
Nibelungenlied;PERSON;middle_high_german;Helfrich;Helpfrich,Helpfriche,Helpfrichen
Nibelungenlied;PERSON;middle_high_german;Helmnot;Helmnot
Nibelungenlied;PERSON;middle_high_german;Herrat;Herrat
Nibelungenlied;PERSON;middle_high_german;Hildebrand;Hildebrand,Hildebrande,Hildebrant,Hildebrandes,Hildebranden
Nibelungenlied;PERSON;middle_high_german;Hildegund;Hiltegunde
Nibelungenlied;PERSON;middle_high_german;Hornboge;Hornboge
Nibelungenlied;PERSON;middle_high_german;Hunold;Hunolt
Nibelungenlied;PERSON;middle_high_german;Iring;Irinch,Iringe,Iringen,Iringin
Nibelungenlied;PERSON;middle_high_german;Irnfried;Irnfrit
Nibelungenlied;PERSON;middle_high_german;Kriemhild;Kriemehilden,Chriemhilt,Chriemhilde,Chriemh'
Nibelungenlied;PERSON;middle_high_german;Liudegast;Livdegast,Lvdegast,Livdegaste
Nibelungenlied;PERSON;middle_high_german;Liudeger;Livdeger,Livdegeres,Livdegere,Livdegeren
Nibelungenlied;PERSON;middle_high_german;Näntwin;Næntwines
Nibelungenlied;PERSON;middle_high_german;Nibelung;Nibelunc,Nibelunge,Nibelunges,Nibelungn
Nibelungenlied;PERSON;middle_high_german;Nudung;Nuodunc,Nvdvnges
Nibelungenlied;PERSON;middle_high_german;Ortlieb;Ortlieben,Ortliebes,Ortliebe
Nibelungenlied;PERSON;middle_high_german;Ortwin;Ortwin,Ortwine,Ortwinen
Nibelungenlied;PERSON;middle_high_german;Pilgrim;Pilgerin,,Pilgerim
Nibelungenlied;PERSON;middle_high_german;Ramung;Ramunch
Nibelungenlied;PERSON;middle_high_german;Ritschart;Rischart
Nibelungenlied;PERSON;middle_high_german;Rüdiger;Rudeger,Rudegeres,Rvdegeres,Rvdegere,Rvdeger,Rvdegern,Rvdegeren,Rvdegere,Rvdegeres
Nibelungenlied;PERSON;middle_high_german;Rumold;Rvmolt
Nibelungenlied;PERSON;middle_high_german;Schilbung;Schilbunc
Nibelungenlied;PERSON;middle_high_german;Schrutan;
Nibelungenlied;PERSON;middle_high_german;Siegestab;Sigestap
Nibelungenlied;PERSON;middle_high_german;Siegfried;Sivrit,Sifrit,Sivriden,Sivride,Sivrides
Nibelungenlied;PERSON;middle_high_german;Sieglinde;Sigelint,Sigelinde
Nibelungenlied;PERSON;middle_high_german;Siegmund;Sigemvnt,Sigemundes,Sigemunt,Sigemundes,Sigemvont,Sigemunden
Nibelungenlied;PERSON;middle_high_german;Sindold;Sindolt
Nibelungenlied;PERSON;middle_high_german;Speyer;Speier
Nibelungenlied;PERSON;middle_high_german;Swemmel;
Nibelungenlied;PERSON;middle_high_german;Ute;Uten,Vte,Vten,Voten,Vote
Nibelungenlied;PERSON;middle_high_german;Volker;Volker
Nibelungenlied;PERSON;middle_high_german;Walther;Walther
Nibelungenlied;PERSON;middle_high_german;Waske;Wasechen
Nibelungenlied;PERSON;middle_high_german;Wichart;Wichart
Nibelungenlied;PERSON;middle_high_german;Wolfbrand;Wolfprant,Wolfpranden
Nibelungenlied;PERSON;middle_high_german;Wolfhart;Wolfharten,Wolfhart,Wolfhartes,Wolfharte
Nibelungenlied;PERSON;middle_high_german;Wolfwin;
Decem Libri Historiarum;PLACE;latin;Abia;Abia
Decem Libri Historiarum;PLACE;latin;Abrincatis;Abrincatis
Decem Libri Historiarum;PLACE;latin;Acaunos;Acaunos,Acaunensim,Acaunenses,Acaunensium
Decem Libri Historiarum;PLACE;latin;Aecolinensis;Aecolinensis
Decem Libri Historiarum;PLACE;latin;Aeclesiae;Aeclesiae
Decem Libri Historiarum;PLACE;latin;Aegyptus;Aegipto,Aegyptu,Aegyptum,Aegyptiorum,Aegyptiarum,Aegypti,Aegyptiis,Aegyptio,Aegyptiorum,Aegyptios,Aegyptius,Aegypto,Aegyptum
Decem Libri Historiarum;PLACE;latin;Aetalia;Aetaliae
Decem Libri Historiarum;PLACE;latin;Africa;Africa,Africae,Africam,Africanum
Decem Libri Historiarum;PLACE;latin;Agatha;Agathaes,Agathensi,Agathensis
Decem Libri Historiarum;PLACE;latin;Agenninsis;Agenninsis,Agennensibus
Decem Libri Historiarum;PLACE;latin;Aginnum;Aginnum
Decem Libri Historiarum;PLACE;latin;Agripina;Agripinam,Agrepinam
Decem Libri Historiarum;PLACE;latin;Agrippinensis;Agrippinensi,Agripinensim
Decem Libri Historiarum;PLACE;latin;Agustidunensi;Agustidunensi,Agustidunensim,Agustidunensis
Decem Libri Historiarum;PLACE;latin;Agustidunum;Agustidunum
Decem Libri Historiarum;PLACE;latin;Alamanni;Alamannus,Alamanni,Alamannos,Alamannis,Alamannorum
Decem Libri Historiarum;PLACE;latin;Alani;Alanos,Alanis,Alanorum
Decem Libri Historiarum;PLACE;latin;Albiga;Albige,Albigae,Albigensis,Albiginsem,Albigensim,Albigensem,Albigense,Albiginsibus
Decem Libri Historiarum;PLACE;latin;Alingaviensis;Alingaviensi
Decem Libri Historiarum;PLACE;latin;Ambaciensis;Ambaciensi,Ambaciensim
Decem Libri Historiarum;PLACE;latin;Andecavus;Andecavi,Andecavam,Andecavus,Andecavo,Andecavos,Andecavum,Andecavis,Andecavae
Decem Libri Historiarum;PLACE;latin;Andegavensis;Andegavensis,Andecavensis
Decem Libri Historiarum;PLACE;latin;Andigavus;Andegavis,Andigavam,Andigavus
Decem Libri Historiarum;PLACE;latin;Anicius;Anicium
Decem Libri Historiarum;PLACE;latin;Anthiocia;Anthiocenae,Anthiocia,Anthiociae
Decem Libri Historiarum;PLACE;latin;Anthiocensis;Anthiocensis,Anthyocinsis
Decem Libri Historiarum;PLACE;latin;Anthiocinus;Anthiocinus,Anthiochino
Decem Libri Historiarum;PLACE;latin;Apamiae;Apamiae
Decem Libri Historiarum;PLACE;latin;Aquae;Aquae
Decem Libri Historiarum;PLACE;latin;Aquensis;Aquensim,Aquinsi,Aquinsibus
Decem Libri Historiarum;PLACE;latin;Aquileia;Aquileia,Aquileiam
Decem Libri Historiarum;PLACE;latin;Arareca;Ararem,Arareca
Decem Libri Historiarum;PLACE;latin;Ardoennensis;Ardoennensis
Decem Libri Historiarum;PLACE;latin;Arelate;Arelate
Decem Libri Historiarum;PLACE;latin;Arelatense;Arelatense,Arelatensim,Arilatensim,Arelatensis,Arelatinsim,Arelatinsi,Arelatensibus
Decem Libri Historiarum;PLACE;latin;Argentoratinsim;Argentoratinsim,Strateburgum
Decem Libri Historiarum;PLACE;latin;Argivus;Argivus,Argeus
Decem Libri Historiarum;PLACE;latin;Arietis;Arietis
Decem Libri Historiarum;PLACE;latin;Arisitensis;Arisitensim
Decem Libri Historiarum;PLACE;latin;Arminia;Arminia,Arminiorum
Decem Libri Historiarum;PLACE;latin;Arvernus;Arvernam,Arvernus,Arverni,Arverna,Arverno,Arverne,Arvernum,Arvernis,Arvernae,Arvernorum
Decem Libri Historiarum;PLACE;latin;Asia;Asia
Decem Libri Historiarum;PLACE;latin;Assirii;Assirios
Decem Libri Historiarum;PLACE;latin;Athiniensis;Athiniensibus
Decem Libri Historiarum;PLACE;latin;Attica;Attica,Attico
Decem Libri Historiarum;PLACE;latin;Audisiodorensim;Audisiodorensim,Audisiodorensis
Decem Libri Historiarum;PLACE;latin;Aurilianus;Aurilianis,Aurilianus,Auriliano
Decem Libri Historiarum;PLACE;latin;Aurilianensis;Aurilianensim,Aurilianensem,Aurilianensis,Aurilianinsim,Aurilianensium,Aurilianense,Aurilianensibus
Decem Libri Historiarum;PLACE;latin;Auscensis;Auscensis,Ausciensim
Decem Libri Historiarum;PLACE;latin;Avennica;Avennico,Avennica,Avennicae,Avennici,Avennecam,Avennicam,Avennicorum
Decem Libri Historiarum;PLACE;latin;Avenniensis;Avenniensis
Decem Libri Historiarum;PLACE;latin;Avinionem;Avinionem,Avenione,Avennionem,Avennione
Decem Libri Historiarum;PLACE;latin;Babel;Babel
Decem Libri Historiarum;PLACE;latin;Babillonia;Babillonia,Babiloniam,Babilonia
Decem Libri Historiarum;PLACE;latin;Baiocassini;Baiocassini,Baiocassinos,Baiocassino
Decem Libri Historiarum;PLACE;latin;Balatedinis;Balatedine
Decem Libri Historiarum;PLACE;latin;Belsephon;Belsephon
Decem Libri Historiarum;PLACE;latin;Belsonancus;Belsonancum,Belsonanco
Decem Libri Historiarum;PLACE;latin;Benarna;Benarnae,Benarno
Decem Libri Historiarum;PLACE;latin;Beretrudis;Beretrudis
Decem Libri Historiarum;PLACE;latin;Berraus;Berrao,Berravensis
Decem Libri Historiarum;PLACE;latin;Bethleem;Bethleem
Decem Libri Historiarum;PLACE;latin;Bilitionem;Bilitionem
Decem Libri Historiarum;PLACE;latin;Biterris;Biterris,Biterrensim
Decem Libri Historiarum;PLACE;latin;Beturiga;Betoricum,Bitoricum,Biturigi,Beturigum,Biturigo,Bituricas,Bitoricas,Biturigae,Bituricam,Biturigis,Bitorigus,Bitorigo,Biturigum,Biturigas,Byturigi,Bituriga,Biturigus,Bituricae,Beturica,Bitorex
Decem Libri Historiarum;PLACE;latin;Blesensis;Blesensis,Blesensibus
Decem Libri Historiarum;PLACE;latin;Bononia;Bononiae
Decem Libri Historiarum;PLACE;latin;Brinnacus;Brannacum,Brinnacum,Brinnaco,Brinnacinsis
Decem Libri Historiarum;PLACE;latin;Bricca;Bricca
Decem Libri Historiarum;PLACE;latin;Bricteri;Bricteros
Decem Libri Historiarum;PLACE;latin;Briotreidis;Briotreide
Decem Libri Historiarum;PLACE;latin;Brinctanorum;Brinctanorum,Brittanorum
Decem Libri Historiarum;PLACE;latin;Brictionem;Brictionem
Decem Libri Historiarum;PLACE;latin;Brittanus;Brittaniam,Brittanis,Brittaniis,Brittanus,Brittanos,Brittanias,Brittaniae,Brittani,Brittania
Decem Libri Historiarum;PLACE;latin;Britto;Britto,Brittone
Decem Libri Historiarum;PLACE;latin;Briva;Brivam
Decem Libri Historiarum;PLACE;latin;Briva-Curretia;Briva-Curretia
Decem Libri Historiarum;PLACE;latin;Brivate;Brivate,Brivatensim,Brivatinsem
Decem Libri Historiarum;PLACE;latin;Brixis;Brixis
Decem Libri Historiarum;PLACE;latin;Buconia;Buconiam
Decem Libri Historiarum;PLACE;latin;Bulgiatensim;Bulgiatensim
Decem Libri Historiarum;PLACE;latin;Burdegala;Burdegala,Burdigale
Decem Libri Historiarum;PLACE;latin;Burgundia;Burgundias,Burgundiam,Burgundiae,Burgundia,Burgundiones,Burgondiones,Burgundione,Burgundionis,Burgundionum,Burgundionibus,Burdigalinsis,Burdegalinsem,Burdigalensis,Burdegalensi,Burdigalensim,Burdigalinsi,Burdegalensem,Burdegalinsis,Burdigalense,Burdegalensim,Burdegalensis,Burdigalinsim,Burdegalensibus
Decem Libri Historiarum;PLACE;latin;Cabillonum;Cabillonno,Cavellonum,Cabillonum,Cavillonum,Cavillonno,Cabillonnensis,Cavillonensim
Decem Libri Historiarum;PLACE;latin;Cadurcinsis;Cadurcinsis,Cadurcensis,Cadurcinis
Decem Libri Historiarum;PLACE;latin;Cadurcus;Cadurcus,Cadurcorum,Cadurcum,Cadurcis,Cadurcinum,Caturcinae,Cadurcinae
Decem Libri Historiarum;PLACE;latin;Caesaraugusta;Caesaragustanam,Caesaraugustae
Decem Libri Historiarum;PLACE;latin;Caino;Caione,Caino,Cainonensem,Cainoninse
Decem Libri Historiarum;PLACE;latin;Cala;Calam,Calensi,Calensim
Decem Libri Historiarum;PLACE;latin;Calatonnus;Calatonno
Decem Libri Historiarum;PLACE;latin;Calliciensis;Calliciense,Calliciensibus
Decem Libri Historiarum;PLACE;latin;Calmes;Calmes
Decem Libri Historiarum;PLACE;latin;Calvariae;Calvariae
Decem Libri Historiarum;PLACE;latin;Camaracus;Camaracum,Camaracense
Decem Libri Historiarum;PLACE;latin;Campania;Campania,Campaniae,Campanensis
Decem Libri Historiarum;PLACE;latin;Cantobennicus;Cantobennici,Cantabennensi
Decem Libri Historiarum;PLACE;latin;Capitulium;Capitulium,Capitulio
Decem Libri Historiarum;PLACE;latin;Capraria;Caprariam
Decem Libri Historiarum;PLACE;latin;Carbonaria;Carbonariam
Decem Libri Historiarum;PLACE;latin;Carcasona;Carcasonam,Carcasonensibus
Decem Libri Historiarum;PLACE;latin;Cares;Cares
Decem Libri Historiarum;PLACE;latin;Carnotena;Carnotenum,Carnotenis,Carnotensim,Carnotenorum,Carnotinae,Carnotino,Carnotenae,Carnotena
Decem Libri Historiarum;PLACE;latin;Carpitania;Carpitaniam,Carpitania
Decem Libri Historiarum;PLACE;latin;Cartago;Cartaginem,Cartaginensis,Chartaginensis,Carthaginensibus
Decem Libri Historiarum;PLACE;latin;Catalaunensis;Catalaunensis
Decem Libri Historiarum;PLACE;latin;Catthi;Catthis
Decem Libri Historiarum;PLACE;latin;Cavillonensim;Cavelonensis,Cavellionensim
Decem Libri Historiarum;PLACE;latin;Cenomannica;Cenomannorum,Cenomanicos,Cenomannorum,Cinomannorum,Caenomannicae,Caenomannici,Caenomannensis
Decem Libri Historiarum;PLACE;latin;Cerate;Cerate
Decem Libri Historiarum;PLACE;latin;Chanaan;Chanaan
Decem Libri Historiarum;PLACE;latin;Chrononensim;Chrononensim
Decem Libri Historiarum;PLACE;latin;Chunus;Chunus,Chunis,Chuni,Chunos,Chunorum
Decem Libri Historiarum;PLACE;latin;Cinomannis;Cinnomannicum,Cinomanensim,Cinomannis,Cinomannica,Cinomannico,Cinomannicis
Decem Libri Historiarum;PLACE;latin;Cisomagensis;Cisomagensi
Decem Libri Historiarum;PLACE;latin;Clavat;Clavati
Decem Libri Historiarum;PLACE;latin;Clysma;Clysma
Decem Libri Historiarum;PLACE;latin;Colomna;Colomnam,Colomna
Decem Libri Historiarum;PLACE;latin;Colonia;Colonia,Coloniae
Decem Libri Historiarum;PLACE;latin;Condatensis;Condatinsem,Condatensi,Condatensim,Condatensis
Decem Libri Historiarum;PLACE;latin;Confluentis;Confluentis
Decem Libri Historiarum;PLACE;latin;Conpendium;Conpendio
Decem Libri Historiarum;PLACE;latin;Constantina;Constantinam,Constantinae
Decem Libri Historiarum;PLACE;latin;Constantinopolis;Constantinopuli,Constantinopoli,Constantinopolim,Constantinopolitanam
Decem Libri Historiarum;PLACE;latin;Convenae;Convenas,Convenicae,Convenassic
Decem Libri Historiarum;PLACE;latin;Corinthii;Corinthiis
Decem Libri Historiarum;PLACE;latin;Cornutius;Cornutium
Decem Libri Historiarum;PLACE;latin;Deinsim;Deinsim
Decem Libri Historiarum;PLACE;latin;Dionisius;Diocisis,Dionisius,Dionisi,Dionisii
Decem Libri Historiarum;PLACE;latin;Dispargum;Dispargum
Decem Libri Historiarum;PLACE;latin;Divio;Divione,Divionensim,Divionensem,Divionensi,Divioninsis,Divionensis
Decem Libri Historiarum;PLACE;latin;Divitia;Divitiam
Decem Libri Historiarum;PLACE;latin;Dolensis;Dolensim
Decem Libri Historiarum;PLACE;latin;Dolus;Dolus
Decem Libri Historiarum;PLACE;latin;Dorononia;Dorononiam
Decem Libri Historiarum;PLACE;latin;Dunense;Dunense,Dunenses,Dunensem,Dunensibus
Decem Libri Historiarum;PLACE;latin;Dunum;Duno
Decem Libri Historiarum;PLACE;latin;Eber;Eber
Decem Libri Historiarum;PLACE;latin;Ebredunensis;Ebredunensim,Ebredunensem,Ebredonense,Ebredunensis
Decem Libri Historiarum;PLACE;latin;Ecolesina;Ecolesinam,Ecolisinam,Ecolisnae,Ecolisnam
Decem Libri Historiarum;PLACE;latin;Ecolisinensis;Ecolisinensim,Ecolesinensis,Ecolesinensim,Ecolesenensibus,Equolisinensis
Decem Libri Historiarum;PLACE;latin;Egypti;Egypti
Decem Libri Historiarum;PLACE;latin;Elacris;Elacrem
Decem Libri Historiarum;PLACE;latin;Elarius;Elarius,Elarium
Decem Libri Historiarum;PLACE;latin;Esera;Eseram
Decem Libri Historiarum;PLACE;latin;Evina;Evina
Decem Libri Historiarum;PLACE;latin;Floriacum;Floriacum
Decem Libri Historiarum;PLACE;latin;Gabalitana;Gabalitana,Gaballitani,Gabalitanae,Gabalitani,Gabalitanorum
Decem Libri Historiarum;PLACE;latin;Galileis;Galileis,Galleis
Decem Libri Historiarum;PLACE;latin;Gallia;Gallia,Galliarum,Galliae,Gallias,Galliis
Decem Libri Historiarum;PLACE;latin;Gallitia;Galliciam,Gallitia,Gallitiam
Decem Libri Historiarum;PLACE;latin;Gallica;Gallicanis
Decem Libri Historiarum;PLACE;latin;Galliciensis;Galliciensim,Galliciensis,Galliciensibus
Decem Libri Historiarum;PLACE;latin;Gallus;Gallo,Gallum,Gallus,Galli
Decem Libri Historiarum;PLACE;latin;Garonna;Garonnam
Decem Libri Historiarum;PLACE;latin;Germania;Germanias,Germaniam,Germania,Germaniae
Decem Libri Historiarum;PLACE;latin;Ghotia;Ghotia
Decem Libri Historiarum;PLACE;latin;Gothi;Gothi,Gothos,Gothis,Gotis,Gothus,Gothum,Gothorum
Decem Libri Historiarum;PLACE;latin;Graeci;Graeci
Decem Libri Historiarum;PLACE;latin;Gratianopolitana;Gratianopolitanam
Decem Libri Historiarum;PLACE;latin;Gredonensis;Gredonensis
Decem Libri Historiarum;PLACE;latin;Hebraei;Hebreae,Hebraeos,Hebraei,Hebraeo,Hebraeam
Decem Libri Historiarum;PLACE;latin;Helosinsis;Helosinsis
Decem Libri Historiarum;PLACE;latin;Hierusalem;Hierusalem,Hierusolimae,Hierusolimis,Hierusolima,Hierusolimam,Hierusolimorum,Hierusolimitanus
Decem Libri Historiarum;PLACE;latin;Hispani;Hispanum,Hispanis,Hispaniis,Hispanorum,Hispaniorum,Hispanias,Hispaniam,Hispaniae,Hispani
Decem Libri Historiarum;PLACE;latin;Iciodorus;Iciodoro,Isiodorensis
Decem Libri Historiarum;PLACE;latin;Iocundiacensis;Iocundiacensim
Decem Libri Historiarum;PLACE;latin;Idomei;Idomeorum
Decem Libri Historiarum;PLACE;latin;Ienuba;Ienubam
Decem Libri Historiarum;PLACE;latin;Ismahelitae;Ismahelitis
Decem Libri Historiarum;PLACE;latin;Israhel;Israhel,Israhelitarum,Israheliticum,Israheliticorum,Israhelitae,Israhelitici
Decem Libri Historiarum;PLACE;latin;Itala;Itala
Decem Libri Historiarum;PLACE;latin;Italia;Italia,Italiam,Italiae,Italici
Decem Libri Historiarum;PLACE;latin;Iudaei;Iudaei,Iudaeis,Iudaeum,Iudaeo,Iudaeorum,Iudaeos,Iudaeus,Iudaicae
Decem Libri Historiarum;PLACE;latin;Iuliensis;Iuliensis
Decem Libri Historiarum;PLACE;latin;Lacidaemonii;Lacidaemoniis
Decem Libri Historiarum;PLACE;latin;Laedi;Laedorum
Decem Libri Historiarum;PLACE;latin;Lambrus;Lambrus
Decem Libri Historiarum;PLACE;latin;Langobardi;Langobardos,Langobardum,Langobardi,Langobardus,Langobardis,Langobardorum
Decem Libri Historiarum;PLACE;latin;Latinus;Latinus,Latini,Latinorum
Decem Libri Historiarum;PLACE;latin;Latium;Latium
Decem Libri Historiarum;PLACE;latin;Latta;Latta
Decem Libri Historiarum;PLACE;latin;Laudiacus;Laudiacum,Laudiaco
Decem Libri Historiarum;PLACE;latin;Lemanis;Lemanem
Decem Libri Historiarum;PLACE;latin;Lemovicas;Lemovicinum,Lemovicinae,Lemovicinus,Lemovicino,Lemovicinam,Limovicino,Lemovicinis,Limovicinum,Lemovecas,Limovicas,Lemovicas,Limane
Decem Libri Historiarum;PLACE;latin;Licaniacensis;Licaniacensis
Decem Libri Historiarum;PLACE;latin;Liger;Ligeris,Ligerem,Leger,Legerem,Legeris,Legere
Decem Libri Historiarum;PLACE;latin;Lingonas;Lingonas,Lingonicam,Lingonicae,Lingonicis,Lingonici
Decem Libri Historiarum;PLACE;latin;Lixoensis;Lixoensis
Decem Libri Historiarum;PLACE;latin;Lovolautrum;Lovolautro,Lovolautrum
Decem Libri Historiarum;PLACE;latin;Lugdunensis;Lugdunensis,Lugdonensim,Lugduninse,Lugduninsis,Lugdunensim,Lugdunense,Lugdunensi,Lugdunensibus
Decem Libri Historiarum;PLACE;latin;Lugdunum;Lugduno,Lugdunum,Lugdunos,Lugduni
Decem Libri Historiarum;PLACE;latin;Lucas;Lucas
Decem Libri Historiarum;PLACE;latin;Luciliacus;Luciliacus
Decem Libri Historiarum;PLACE;latin;Machao;Machao
Decem Libri Historiarum;PLACE;latin;Macedonii;Macedoniis
Decem Libri Historiarum;PLACE;latin;Manatensis;Manatensis
Decem Libri Historiarum;PLACE;latin;Mantolomaus;Mantolomaus,Montalomaginsim
Decem Libri Historiarum;PLACE;latin;Marilegius;Marilegio,Mariligensis
Decem Libri Historiarum;PLACE;latin;Maroialensis;Maroialensi,Maroialensim
Decem Libri Historiarum;PLACE;latin;Massilia;Masiliam,Massiliae,Massilia,Massiliam,Massiliensim,Massiliensis,Massiliensem,Massiliense,Masiliensi,Masiliensim
Decem Libri Historiarum;PLACE;latin;Matisco;Matiscone,Matiscensim,Matescense,Matascensem
Decem Libri Historiarum;PLACE;latin;Matrona;Matrona,Matronam,Matronae
Decem Libri Historiarum;PLACE;latin;Mauriacus;Mauriacum
Decem Libri Historiarum;PLACE;latin;Mauriopes;Mauriopes
Decem Libri Historiarum;PLACE;latin;Mauritania;Mauritaniam
Decem Libri Historiarum;PLACE;latin;Mecledonensis;Mecledonensem,Megledonense
Decem Libri Historiarum;PLACE;latin;Mediconnus;Mediconno
Decem Libri Historiarum;PLACE;latin;Mediolaninsis;Mediolaninsibus,Mediolanensis,Mediolanensem,Mediolanensim
Decem Libri Historiarum;PLACE;latin;Meduana;Meduanae
Decem Libri Historiarum;PLACE;latin;Meldus;Meledus,Meldensem,Melitensim,Meldensi,Meldensim,Mel
Decem Libri Historiarum;PLACE;latin;Melitensis;Melitensim
Decem Libri Historiarum;PLACE;latin;Memmatinsis;Memmatinsis
Decem Libri Historiarum;PLACE;latin;Meroliacensis;Meroliacensae,Meroliacensis
Decem Libri Historiarum;PLACE;latin;Mettensis;Mettensis,Mettensim,Metinsis,Metensem,Mettinsem,Metensim,Metinsim,Mittense
Decem Libri Historiarum;PLACE;latin;Mimate;Mimate
Decem Libri Historiarum;PLACE;latin;Mintius;Mintium
Decem Libri Historiarum;PLACE;latin;Momotiacensis;Momotiacensis,Mogontiacum
Decem Libri Historiarum;PLACE;latin;Musella;Musella,Musellam
Decem Libri Historiarum;PLACE;latin;Mustiae;Mustias
Decem Libri Historiarum;PLACE;latin;Namnetas;Namnetas,Namnetico,Namneticam,Namneticis,Namneticum,Namneticae,Namnitico,Namneticos,Namneticorum
Decem Libri Historiarum;PLACE;latin;Narbona;Narbonam,Narbonae,Narbonensem,Narbonensim
Decem Libri Historiarum;PLACE;latin;Nemausus;Nemausus,Nemausum,Nemausensis
Decem Libri Historiarum;PLACE;latin;Nemptudoro;Nemptudoro
Decem Libri Historiarum;PLACE;latin;Nevernus;Neverno,Nevernensem
Decem Libri Historiarum;PLACE;latin;Nicea;Niceam,Nicensim,Nicensis
Decem Libri Historiarum;PLACE;latin;Nicenum;Niceam,Nicenum,Nicaene
Decem Libri Historiarum;PLACE;latin;Niger;Nigrem
Decem Libri Historiarum;PLACE;latin;Nilus;Nilus,Niliculae
Decem Libri Historiarum;PLACE;latin;Nineven;Nineven
Decem Libri Historiarum;PLACE;latin;Ninivitarum;Ninivitarum,Ninnivitarum
Decem Libri Historiarum;PLACE;latin;Nisebenus;Nisebenus,Nisebeno
Decem Libri Historiarum;PLACE;latin;Nivisium;Nivisium
Decem Libri Historiarum;PLACE;latin;Nocito;Nocito
Decem Libri Historiarum;PLACE;latin;Novempopulana;Novimpopulanae
Decem Libri Historiarum;PLACE;latin;Noviliacus;Noviliacus
Decem Libri Historiarum;PLACE;latin;Novigentum;Novigentum
Decem Libri Historiarum;PLACE;latin;Octavum;Octavum
Decem Libri Historiarum;PLACE;latin;Onestrudis;Onestrudem
Decem Libri Historiarum;PLACE;latin;Orbaniacush;Orbaniaco
Decem Libri Historiarum;PLACE;latin;Oscara;Oscarum,Oscaram
Decem Libri Historiarum;PLACE;latin;Osser;Osser
Decem Libri Historiarum;PLACE;latin;Pannonia;Pannoniis,Pannoniae,Pannonia
Decem Libri Historiarum;PLACE;latin;Parius;Parius,Phario
Decem Libri Historiarum;PLACE;latin;Parisius;Parisius,Parisios,Pariseus
Decem Libri Historiarum;PLACE;latin;Parisiaci;Parisiaci,Parisiacae,Parisiaco,Parisiacus,Parisiaca,Parisiacam,Parisiacis
Decem Libri Historiarum;PLACE;latin;Pathmos;Pathmos
Decem Libri Historiarum;PLACE;latin;Pectava;Pectava,Pectavina,Pectavum,Pictavus,Pectavis,Pectavo,Pictavi,Pectavam,Pectavi,Pectavos,Pectavus,Pectavae,Pictava,Pectavorum
Decem Libri Historiarum;PLACE;latin;Pectavensis;Pectavensis,Pectavense,Pectavinse,Pictavensis,Pictavensi,Pectavensi,Pectavinsim,Pectavensem,Pictavinsis,Pictavensim,Pectavensibus
Decem Libri Historiarum;PLACE;latin;Persi;Persi,Persida,Persas,Persarum,Persis
Decem Libri Historiarum;PLACE;latin;Persi-Armeni;Persi-Armeni
Decem Libri Historiarum;PLACE;latin;Petrocoris;Petrocoricae,Petrocoricum,Petrogoricae,Petrogoricum,Petrocoricis,Petrocoris
Decem Libri Historiarum;PLACE;latin;Phiahiroth;Phiahiroth
Decem Libri Historiarum;PLACE;latin;Pirinei;Pirineis,Pyrenius,Pyrenius
Decem Libri Historiarum;PLACE;latin;Placentia;Placentiam
Decem Libri Historiarum;PLACE;latin;Pontico;Ponticonem
Decem Libri Historiarum;PLACE;latin;Provincia;Provincia,Provinciae,Provinciam
Decem Libri Historiarum;PLACE;latin;Randanensis;Randanensim
Decem Libri Historiarum;PLACE;latin;Remus;Remus,Remensem,Remense,Remensim,Remensis,Rimensium
Decem Libri Historiarum;PLACE;latin;Regensis;Regensim
Decem Libri Historiarum;PLACE;latin;Rhedonicus;Redonicum,Rhedonicus,Rhedonicis,Redonicam,Redonensis
Decem Libri Historiarum;PLACE;latin;Rhenus;Rheu,Rhenus,Rheno,Rhenum
Decem Libri Historiarum;PLACE;latin;Rhodanus;Rhodani,Rodano,Rhodanus,Rhodanum,Rodanus,Rhodanitica,Rhodanitides
Decem Libri Historiarum;PLACE;latin;Rigoialinsim;Rigoialinsim
Decem Libri Historiarum;PLACE;latin;Rodomago;Rhodomago,Rodomago,Rotomagensis,Rothomagensim,Rothomagensis,Rothomaginse,Rodoialensim,Rotoialinsim,Rhodomaginsem,Rodomaginsem,Rhotomaginsem,Rhodomagensie,Rhodomaginsis
Decem Libri Historiarum;PLACE;latin;Roma;Roma,Romam,Romae,Romanorum,Romanam,Romanum,Romanae,Romani,Romanis,,Romano,Romanos
Decem Libri Historiarum;PLACE;latin;Romaniacus;Romaniacum
Decem Libri Historiarum;PLACE;latin;Rosontinse;Rosontinse
Decem Libri Historiarum;PLACE;latin;Rotomago;Rotomago
Decem Libri Historiarum;PLACE;latin;Rubrum mare;Rubrum,Rubro,Rubri,mare
Decem Libri Historiarum;PLACE;latin;Rutinus;Rutini,Rutino,Rutinus,Rutena,Ruteni,Rutina,Rutinae,Rutinam,Rutenae,Rutenorum,Rutenensis
Decem Libri Historiarum;PLACE;latin;Sabaria;Sabariam,Sabariae
Decem Libri Historiarum;PLACE;latin;Sadducea;Sadduceae
Decem Libri Historiarum;PLACE;latin;Santonas;Santo/Sorcynas,Sanctonas,Sanctonici,Santonicae,Santonico,Santonicum,Sanctonicae,Sanctonicam,Sanctonicum,Sanctonicis,Sanctonicorum
Decem Libri Historiarum;PLACE;latin;Sauriciacus;Sauriciacum
Decem Libri Historiarum;PLACE;latin;Saxones;Saxonis,Saxone,Saxonibus,Saxones,Saxo,Saxonum,Saxenum
Decem Libri Historiarum;PLACE;latin;Scaldis;Scaldem
Decem Libri Historiarum;PLACE;latin;Scalonum;Scalonum
Decem Libri Historiarum;PLACE;latin;Scythia;Scyciae
Decem Libri Historiarum;PLACE;latin;Sellensis;Sellensim
Decem Libri Historiarum;PLACE;latin;Senachar;Senachar
Decem Libri Historiarum;PLACE;latin;Septimania;Septimania,Septimaneam,Septimaniam,Septemaniae
Decem Libri Historiarum;PLACE;latin;Septimina;Septimina,Septiminae
Decem Libri Historiarum;PLACE;latin;Sequana;Sequanam,Sygona
Decem Libri Historiarum;PLACE;latin;Sexonas;Sexonas,Sessionas,Sessonas,Sessionica,Sessionica,Sessionico,Sessionici,Sessionicae
Decem Libri Historiarum;PLACE;latin;Sicilia;Siciliam
Decem Libri Historiarum;PLACE;latin;Sicionius;Sicionius,Siggonis,Sicionis
Decem Libri Historiarum;PLACE;latin;Sigarius;Sigarius
Decem Libri Historiarum;PLACE;latin;Sigusium;Sigusium
Decem Libri Historiarum;PLACE;latin;Silvanectis;Silvanectensi,Silvanectensim,Silvanectensis,Silvanectinse,Silvanectis
Decem Libri Historiarum;PLACE;latin;Sina;Sina
Decem Libri Historiarum;PLACE;latin;Sinonica;Sinonicae,Synonicum
Decem Libri Historiarum;PLACE;latin;Siria;Siriae,Syrorum
Decem Libri Historiarum;PLACE;latin;Sisciensis;Sisciensis
Decem Libri Historiarum;PLACE;latin;Sodomae;Sodomae,Sodomis
Decem Libri Historiarum;PLACE;latin;Solonacensis;Solonacensi
Decem Libri Historiarum;PLACE;latin;Spania;Spanias,Spaniis,Spanis,Spaniam
Decem Libri Historiarum;PLACE;latin;Stablo;Stablonem
Decem Libri Historiarum;PLACE;latin;Stampensis;Stampensim,Stampinse
Decem Libri Historiarum;PLACE;latin;Sueborum;Suebi,Sueborum,Suavorum
Decem Libri Historiarum;PLACE;latin;Sumena;Sumenam
Decem Libri Historiarum;PLACE;latin;Tarabannensis;Tarabannensibus
Decem Libri Historiarum;PLACE;latin;Tauredunum;Tauredune,Taureduno
Decem Libri Historiarum;PLACE;latin;Tausiriacus;Tausiriaco
Decem Libri Historiarum;PLACE;latin;Ternoderinsis;Ternoderinsim
Decem Libri Historiarum;PLACE;latin;Theifalus;Theifalus,Theifalorum
Decem Libri Historiarum;PLACE;latin;Thessalonicenses;Thessalonicenses
Decem Libri Historiarum;PLACE;latin;Tholosa;Tolosae,Tholosano,Tholosam,Tholosa,Tholosae,Tholosana,Tholosanorum,Tolosanis
Decem Libri Historiarum;PLACE;latin;Thoringus;Thoringis,Thoringus,Thoringi,Thoringiam,Thoringia,Thoringorum
Decem Libri Historiarum;PLACE;latin;Thracias;Thracias
Decem Libri Historiarum;PLACE;latin;Tiberis;Tiberis
Decem Libri Historiarum;PLACE;latin;Ticinum;Ticinum,Ticinensis
Decem Libri Historiarum;PLACE;latin;Tolidum;Tolidum,Toletum
Decem Libri Historiarum;PLACE;latin;Tornacus;Tornacum,Thornacinsis,Tornacensis,Tornacensi,Thornaco
Decem Libri Historiarum;PLACE;latin;Tornomagensis;Tornomagensi
Decem Libri Historiarum;PLACE;latin;Treiectinsis;Treiectinsem
Decem Libri Historiarum;PLACE;latin;Treverus;Treverus,Treveris,Treverorum,Treverensis,Treveris
Decem Libri Historiarum;PLACE;latin;Tricassinorum;Trecas,Tricassinorum,Tricassinum
Decem Libri Historiarum;PLACE;latin;Tulbiacensis;Tulbiacensis,Tulbiacensim
Decem Libri Historiarum;PLACE;latin;Tungrus;Tungrus,Tungrorum
Decem Libri Historiarum;PLACE;latin;Turonus;Turonus,Thoronus,Toronus,Toronum,Toronicae,Toronicis,Toronicos,Turonicis,Toronicam,Turonico,Toronica,Thoronici,Turonicum,Turonici,Thoronica,Toronicum,Toronici,Toronico,Toronicus,Turonicae,Toronice,Turonica,Turonicus,Thoronicae,Turonicam,TURONENSIS
Decem Libri Historiarum;PLACE;latin;Tusciae;Tusciae
Decem Libri Historiarum;PLACE;latin;Ucetica;Ucetica,Ucecensis
Decem Libri Historiarum;PLACE;latin;Ugernum;Ugernum
Decem Libri Historiarum;PLACE;latin;Ulda;Uldam
Decem Libri Historiarum;PLACE;latin;Urbia;Urbiam,rbiensim
Decem Libri Historiarum;PLACE;latin;Vabrense;Vabrense,Vabrensim
Decem Libri Historiarum;PLACE;latin;Valentiam;Valentiam
Decem Libri Historiarum;PLACE;latin;Vappinsis;Vappinsis
Decem Libri Historiarum;PLACE;latin;Vasatinsis;Vasatinsis,Vasatensem,Vasatensis
Decem Libri Historiarum;PLACE;latin;Vasconia;Vasconiam,Wascones,Wasconibus
Decem Libri Historiarum;PLACE;latin;Vasso;Vasso
Decem Libri Historiarum;PLACE;latin;Vellavae;Vellavae,Villavo,Villavis,Villavum
Decem Libri Historiarum;PLACE;latin;Veneticae;Veneticae,Veneticam,Vinitico
Decem Libri Historiarum;PLACE;latin;Venitus;Venitus,Vinitico
Decem Libri Historiarum;PLACE;latin;Vernaus;Veranus,Veranum,Vernao
Decem Libri Historiarum;PLACE;latin;Vircellis;Vircellis,Vercellensim
Decem Libri Historiarum;PLACE;latin;Vicinonia;Vicinoniae,Vicinoniam
Decem Libri Historiarum;PLACE;latin;Victoris;Victoris
Decem Libri Historiarum;PLACE;latin;Victuriacus;Victuriacum,Victuriaci,Victuriaco,Victuriacense
Decem Libri Historiarum;PLACE;latin;Vienna;Viennae,Viennam,Viennense,Viennensis
Decem Libri Historiarum;PLACE;latin;Vigenna;Vingennam,Vigennam
Decem Libri Historiarum;PLACE;latin;Vinciensis;Vinciensis
Decem Libri Historiarum;PLACE;latin;Vindocinum;Vindocino
Decem Libri Historiarum;PLACE;latin;Viridunum;Viridunum,Viredunensim,Virdunensis,Veredunensis,Viridunensim,Viredunensis,Viredunensim,Virdunensis,Veredunensis,Viridunensim,Viredunensis,Veredunensem,Veridunense
Decem Libri Historiarum;PLACE;latin;Visorontia;Visorontiam
Decem Libri Historiarum;PLACE;latin;Vivariensis;Vivariensim
Decem Libri Historiarum;PLACE;latin;Vogladensis;Vogladense,Vogladinse
Decem Libri Historiarum;PLACE;latin;Vosagus;Vosagum,Vosagensim
Decem Libri Historiarum;PLACE;latin;Wandali;Wandali,Wandalorum
Völsunga saga;PLACE;old_norse;Andvarafors;Andvarafors
Völsunga saga;PLACE;old_norse;Ásgarðr;Ásgarði
Völsunga saga;PLACE;old_norse;Brávelli;Brávöllr
Völsunga saga;PLACE;old_norse;Busiltjörn;Busiltjörn
Völsunga saga;PLACE;old_norse;Danmörk;Danmörku,Danmörk
Völsunga saga;PLACE;old_norse;Fjóni;Fjóni
Völsunga saga;PLACE;old_norse;Frakkland;Frakklands
Völsunga saga;PLACE;old_norse;Garða;Garða
Völsunga saga;PLACE;old_norse;Gautland;Gautland,Gautlands,Gautlandi
Völsunga saga;PLACE;old_norse;Gnitaheiðr;Gnitaheiðr,Gnitaheiði
Völsunga saga;PLACE;old_norse;Gnípalundr;Gnípalundi
Völsunga saga;PLACE;old_norse;Grikkland;Grikklands
Völsunga saga;PLACE;old_norse;Grind;Grindum
Völsunga saga;PLACE;old_norse;Heðinsey;Heðinsey
Völsunga saga;PLACE;old_norse;Hindarfjall;Hindarfjall
Völsunga saga;PLACE;old_norse;Hlymdalir;Hlymdali
Völsunga saga;PLACE;old_norse;Hringstaði;Ringsted
Völsunga saga;PLACE;old_norse;Húnaland;Húnaland,Húnalandi
Völsunga saga;PLACE;old_norse;Láganes;Láganesi
Völsunga saga;PLACE;old_norse;Norðrlöndum;Norðrlöndum
Völsunga saga;PLACE;old_norse;Nörvasundum;Nörvasundum
Völsunga saga;PLACE;old_norse;Óskaptr;Óskaptr
Völsunga saga;PLACE;old_norse;Rauðabjarg;Rauðabjarga
Völsunga saga;PLACE;old_norse;Rín;Rín
Völsunga saga;PLACE;old_norse;Sök;Sök
Völsunga saga;PLACE;old_norse;Sólfjöll;Sólfjöll
Völsunga saga;PLACE;old_norse;Svarinshaugr;Svarinshaugi
Völsunga saga;PLACE;old_norse;Valbjörg;Valbjörg
Völsunga saga;PLACE;old_norse;Vínbjörg;Vínbjörg
Völsunga saga;PLACE;old_norse;Varinsey;Varinsey
Völsunga saga;PLACE;old_norse;Varinsfjörðr;Varinsfjörðr
Völsunga saga;PLACE;old_norse;Þrasnes;Þrasnesi
Nibelungenlied;PLACE;middle_high_german;Donau;Tvonowe,Tunawe,Tverne
Nibelungenlied;PLACE;middle_high_german;Elbe;Elbe
Nibelungenlied;PLACE;middle_high_german;Main;Mein
Nibelungenlied;PLACE;middle_high_german;Rhein;Rin,Rine
Nibelungenlied;PLACE;middle_high_german;Rhone;Roten
Nibelungenlied;PLACE;middle_high_german;Alzey;Alzeye
Nibelungenlied;PLACE;middle_high_german;Arras;Arraz
Nibelungenlied;PLACE;middle_high_german;Azagouc;Azagovch
Nibelungenlied;PLACE;middle_high_german;Bechelaren;Bechlarn,Bechelaren
Nibelungenlied;PLACE;middle_high_german;Bern;Berne,Bernære
Nibelungenlied;PLACE;middle_high_german;Eferding;Everdingen
Nibelungenlied;PLACE;middle_high_german;Enns;Ense
Nibelungenlied;PLACE;middle_high_german;Etzelburg;
Nibelungenlied;PLACE;middle_high_german;Gran;Gran
Nibelungenlied;PLACE;middle_high_german;Hainburg;Heimburch
Nibelungenlied;PLACE;middle_high_german;Inn;Irn
Nibelungenlied;PLACE;middle_high_german;Isenstein;Isenstein,Isensteine
Nibelungenlied;PLACE;middle_high_german;Kiew;
Nibelungenlied;PLACE;middle_high_german;Lochheim;Lorse
Nibelungenlied;PLACE;middle_high_german;Mautern;
Nibelungenlied;PLACE;middle_high_german;Mehring;Moringe
Nibelungenlied;PLACE;middle_high_german;Meisenburg;
Nibelungenlied;PLACE;middle_high_german;Melk;Medeliche
Nibelungenlied;PLACE;middle_high_german;Metz;Metzzen,Mezzen,Mezzin,Metzen
Nibelungenlied;PLACE;middle_high_german;Ninnive;Ninnive
Nibelungenlied;PLACE;middle_high_german;Passau;Pazzowe
Nibelungenlied;PLACE;middle_high_german;Petschenegen;Petschenaere,Pescenære
Nibelungenlied;PLACE;middle_high_german;Pförring;Vergen
Nibelungenlied;PLACE;middle_high_german;Schwalbfeld;
Nibelungenlied;PLACE;middle_high_german;Spessart;Spehtsharte
Nibelungenlied;PLACE;middle_high_german;Traisen;Treysem,Treysenmvore
Nibelungenlied;PLACE;middle_high_german;Traun;Trvone
Nibelungenlied;PLACE;middle_high_german;Tronje;Tronege,Tronge,Trong,Trongen
Nibelungenlied;PLACE;middle_high_german;Tronjer;Tronegære
Nibelungenlied;PLACE;middle_high_german;Tulln;Tvlme
Nibelungenlied;PLACE;middle_high_german;Wärbel;Werbel
Nibelungenlied;PLACE;middle_high_german;Walachen;Vlachen
Nibelungenlied;PLACE;middle_high_german;Waskenstein;
Nibelungenlied;PLACE;middle_high_german;Waskenwald;
Nibelungenlied;PLACE;middle_high_german;Wien;Wiene
Nibelungenlied;PLACE;middle_high_german;Wittich;Witege
Nibelungenlied;PLACE;middle_high_german;Worms;Wormze,Wormez,Wormeze,Wormz
Nibelungenlied;PLACE;middle_high_german;Xanten;Santen
Nibelungenlied;PLACE;middle_high_german;Zazamanc;Zazamanc
Nibelungenlied;PLACE;middle_high_german;Zeiselmauer;
Nibelungenlied;PLACE;middle_high_german;Arabien;arabischem,Arabin,arabischen
Nibelungenlied;PLACE;middle_high_german;Bayern;Bayerlant,Bayerlande,Bayerlanden
Nibelungenlied;PLACE;middle_high_german;Burgund;Burgunden,Burgundn-
Nibelungenlied;PLACE;middle_high_german;Dänemark;Tenemarche,Tenemarchen
Nibelungenlied;PLACE;middle_high_german;Griechenland;Criechen
Nibelungenlied;PLACE;middle_high_german;Hessen;Hessen
Nibelungenlied;PLACE;middle_high_german;Indien;India
Nibelungenlied;PLACE;middle_high_german;Island;Islande
Nibelungenlied;PLACE;middle_high_german;Libyen;Libyan,Libia
Nibelungenlied;PLACE;middle_high_german;Marroko;Marroch
Nibelungenlied;PLACE;middle_high_german;Niederland;Niderlanden
Nibelungenlied;PLACE;middle_high_german;Norwegen;Norwoege
Nibelungenlied;PLACE;middle_high_german;Österreich;Osterland,Osterlande,Osterriche,Osterlant
Nibelungenlied;PLACE;middle_high_german;Ostfranken;Ostervranken,Osterfrankchn-,Osterffranchen
Nibelungenlied;PLACE;middle_high_german;Polen;Polanen
Nibelungenlied;PLACE;middle_high_german;Sachsen;Sahsen
Nibelungenlied;PLACE;middle_high_german;Schwaben;Swaben
Nibelungenlied;PLACE;middle_high_german;Spanien;Spane
Nibelungenlied;PLACE;middle_high_german;Thüringen;Durigen
Nibelungenlied;PLACE;middle_high_german;Ungarn;Vngerlande
Völsunga saga;GROUP;old_norse;Frakkar;Frakkar
Völsunga saga;GROUP;old_norse;Hýnir;Hýnir
Völsunga saga;GROUP;old_norse;Saxr;Saxar
Völsunga saga;GROUP;old_norse;Víkingr;Víkingar
Völsunga saga;GROUP;old_norse;Væringar;Væringar
Nibelungenlied;GROUP;middle_high_german;Dänen;Tenen
Nibelungenlied;GROUP;middle_high_german;Hunnen;Hunin,Hunen
Nibelungenlied;GROUP;middle_high_german;Russen;Riuzen
